sensorNameidx,assimilation time,data_format,coils,k_emagpy,filename,data_type,units,data,data_err,mesh_nodes,assimilation_times,datetime,instrument,fwdEMnoise,data_cov,dataPert,sensor_name
EM,0.0,emagpy,"['HCP0.20', 'HCP0.33', 'HCP0.50', 'HCP0.72', 'HCP1.03', 'HCP1.50']",<emagpy.Problem.Problem object at 0x7f1525e5a020>,/home/z0272571a@CAMPUS.CSIC.ES/Documents/INPREP_OZCAR_ET_DA/data/fwdEM/ERA5_from_weill_nveg2/fwd_ECa0.txt,$EM$,$\mS/m$,"       HCP0.20    HCP0.33    HCP0.50  ...     y  elevation  mesh_node
0     6.148004  -6.851646   1.283972  ...   0.0   0.525000        0.0
1     2.677136 -11.772845 -13.161958  ...   0.5   0.533333        1.0
2    16.740480  -2.251324  -2.590056  ...   1.0   0.558333        2.0
3    -6.069875 -19.035975   5.784693  ...   1.5   0.583333        3.0
4     6.844620   9.001435  -8.083582  ...   2.0   0.608333        4.0
..         ...        ...        ...  ...   ...        ...        ...
436  19.297115   7.810707   0.905404  ...   8.0   0.726667      436.0
437  -7.681532   5.348836 -13.187300  ...   8.5   0.751667      437.0
438   1.453014  -9.099511  -1.668924  ...   9.0   0.776667      438.0
439   7.432870   4.428482   7.773265  ...   9.5   0.801667      439.0
440   0.288365  14.736615   0.949198  ...  10.0   0.810000      440.0

[441 rows x 10 columns]",1e+99,[],0.0,2023-01-01 08:00:00,GF6L,5,"[[1.e+99 0.e+00 0.e+00 ... 0.e+00 0.e+00 0.e+00]
 [0.e+00 1.e+99 0.e+00 ... 0.e+00 0.e+00 0.e+00]
 [0.e+00 0.e+00 1.e+99 ... 0.e+00 0.e+00 0.e+00]
 ...
 [0.e+00 0.e+00 0.e+00 ... 1.e+99 0.e+00 0.e+00]
 [0.e+00 0.e+00 0.e+00 ... 0.e+00 1.e+99 0.e+00]
 [0.e+00 0.e+00 0.e+00 ... 0.e+00 0.e+00 1.e+99]]",[],EM
EM,86400.0,emagpy,"['HCP0.20', 'HCP0.33', 'HCP0.50', 'HCP0.72', 'HCP1.03', 'HCP1.50']",<emagpy.Problem.Problem object at 0x7f1525e593f0>,/home/z0272571a@CAMPUS.CSIC.ES/Documents/INPREP_OZCAR_ET_DA/data/fwdEM/ERA5_from_weill_nveg2/fwd_ECa1.txt,$EM$,$\mS/m$,"       HCP0.20    HCP0.33    HCP0.50  ...     y  elevation  mesh_node
0     6.148004  -6.851643   1.283972  ...   0.0   0.525000        0.0
1     2.677136 -11.772842 -13.161952  ...   0.5   0.533333        1.0
2    16.740482  -2.251324  -2.590055  ...   1.0   0.558333        2.0
3    -6.069877 -19.035977   5.784693  ...   1.5   0.583333        3.0
4     6.844622   9.001437  -8.083583  ...   2.0   0.608333        4.0
..         ...        ...        ...  ...   ...        ...        ...
436  19.297117   7.810707   0.905404  ...   8.0   0.726667      436.0
437  -7.681533   5.348836 -13.187300  ...   8.5   0.751667      437.0
438   1.453015  -9.099514  -1.668925  ...   9.0   0.776667      438.0
439   7.432875   4.428486   7.773275  ...   9.5   0.801667      439.0
440   0.288365  14.736628   0.949199  ...  10.0   0.810000      440.0

[441 rows x 10 columns]",1e+99,[],86400.0,2023-01-02 08:00:00,GF6L,5,"[[1.e+99 0.e+00 0.e+00 ... 0.e+00 0.e+00 0.e+00]
 [0.e+00 1.e+99 0.e+00 ... 0.e+00 0.e+00 0.e+00]
 [0.e+00 0.e+00 1.e+99 ... 0.e+00 0.e+00 0.e+00]
 ...
 [0.e+00 0.e+00 0.e+00 ... 1.e+99 0.e+00 0.e+00]
 [0.e+00 0.e+00 0.e+00 ... 0.e+00 1.e+99 0.e+00]
 [0.e+00 0.e+00 0.e+00 ... 0.e+00 0.e+00 1.e+99]]",[],EM
EM,172800.0,emagpy,"['HCP0.20', 'HCP0.33', 'HCP0.50', 'HCP0.72', 'HCP1.03', 'HCP1.50']",<emagpy.Problem.Problem object at 0x7f1525e58a90>,/home/z0272571a@CAMPUS.CSIC.ES/Documents/INPREP_OZCAR_ET_DA/data/fwdEM/ERA5_from_weill_nveg2/fwd_ECa2.txt,$EM$,$\mS/m$,"       HCP0.20    HCP0.33    HCP0.50  ...     y  elevation  mesh_node
0     6.267678  -6.896184   1.285075  ...   0.0   0.525000        0.0
1     2.731038 -11.854975 -13.180366  ...   0.5   0.533333        1.0
2    17.083420  -2.268518  -2.596423  ...   1.0   0.558333        2.0
3    -6.196323 -19.192574   5.804246  ...   1.5   0.583333        3.0
4     6.989329   9.080232  -8.117578  ...   2.0   0.608333        4.0
..         ...        ...        ...  ...   ...        ...        ...
436  19.691871   7.888749   0.911724  ...   8.0   0.726667      436.0
437  -7.840337   5.404160 -13.286488  ...   8.5   0.751667      437.0
438   1.484026  -9.198567  -1.682501  ...   9.0   0.776667      438.0
439   7.593840   4.478354   7.840539  ...   9.5   0.801667      439.0
440   0.294860  14.908697   0.957695  ...  10.0   0.810000      440.0

[441 rows x 10 columns]",1e+99,[],172800.0,2023-01-03 08:00:00,GF6L,5,"[[1.e+99 0.e+00 0.e+00 ... 0.e+00 0.e+00 0.e+00]
 [0.e+00 1.e+99 0.e+00 ... 0.e+00 0.e+00 0.e+00]
 [0.e+00 0.e+00 1.e+99 ... 0.e+00 0.e+00 0.e+00]
 ...
 [0.e+00 0.e+00 0.e+00 ... 1.e+99 0.e+00 0.e+00]
 [0.e+00 0.e+00 0.e+00 ... 0.e+00 1.e+99 0.e+00]
 [0.e+00 0.e+00 0.e+00 ... 0.e+00 0.e+00 1.e+99]]",[],EM
EM,259200.0,emagpy,"['HCP0.20', 'HCP0.33', 'HCP0.50', 'HCP0.72', 'HCP1.03', 'HCP1.50']",<emagpy.Problem.Problem object at 0x7f1525e5aaa0>,/home/z0272571a@CAMPUS.CSIC.ES/Documents/INPREP_OZCAR_ET_DA/data/fwdEM/ERA5_from_weill_nveg2/fwd_ECa3.txt,$EM$,$\mS/m$,"       HCP0.20    HCP0.33    HCP0.50  ...     y  elevation  mesh_node
0     6.324915  -6.925396   1.287639  ...   0.0   0.525000        0.0
1     2.751816 -11.896969 -13.202719  ...   0.5   0.533333        1.0
2    17.214249  -2.276707  -2.601077  ...   1.0   0.558333        2.0
3    -6.243873 -19.262410   5.814919  ...   1.5   0.583333        3.0
4     7.043022   9.113415  -8.132713  ...   2.0   0.608333        4.0
..         ...        ...        ...  ...   ...        ...        ...
436  19.857591   7.919759   0.913552  ...   8.0   0.726667      436.0
437  -7.906089   5.425347 -13.313061  ...   8.5   0.751667      437.0
438   1.498246  -9.240145  -1.686378  ...   9.0   0.776667      438.0
439   7.673761   4.500755   7.860559  ...   9.5   0.801667      439.0
440   0.297579  14.974240   0.959849  ...  10.0   0.810000      440.0

[441 rows x 10 columns]",1e+99,[],259200.0,2023-01-04 08:00:00,GF6L,5,"[[1.e+99 0.e+00 0.e+00 ... 0.e+00 0.e+00 0.e+00]
 [0.e+00 1.e+99 0.e+00 ... 0.e+00 0.e+00 0.e+00]
 [0.e+00 0.e+00 1.e+99 ... 0.e+00 0.e+00 0.e+00]
 ...
 [0.e+00 0.e+00 0.e+00 ... 1.e+99 0.e+00 0.e+00]
 [0.e+00 0.e+00 0.e+00 ... 0.e+00 1.e+99 0.e+00]
 [0.e+00 0.e+00 0.e+00 ... 0.e+00 0.e+00 1.e+99]]",[],EM
EM,345600.0,emagpy,"['HCP0.20', 'HCP0.33', 'HCP0.50', 'HCP0.72', 'HCP1.03', 'HCP1.50']",<emagpy.Problem.Problem object at 0x7f1525e3b100>,/home/z0272571a@CAMPUS.CSIC.ES/Documents/INPREP_OZCAR_ET_DA/data/fwdEM/ERA5_from_weill_nveg2/fwd_ECa4.txt,$EM$,$\mS/m$,"       HCP0.20    HCP0.33    HCP0.50  ...     y  elevation  mesh_node
0     6.361569  -6.945441   1.289426  ...   0.0   0.525000        0.0
1     2.765449 -11.926092 -13.218255  ...   0.5   0.533333        1.0
2    17.300317  -2.282424  -2.604365  ...   1.0   0.558333        2.0
3    -6.275193 -19.311340   5.822542  ...   1.5   0.583333        3.0
4     7.078414   9.136719  -8.143597  ...   2.0   0.608333        4.0
..         ...        ...        ...  ...   ...        ...        ...
436  19.958322   7.940016   0.914795  ...   8.0   0.726667      436.0
437  -7.945694   5.439065 -13.330993  ...   8.5   0.751667      437.0
438   1.506967  -9.267784  -1.689073  ...   9.0   0.776667      438.0
439   7.724734   4.516359   7.875176  ...   9.5   0.801667      439.0
440   0.299332  15.019943   0.961417  ...  10.0   0.810000      440.0

[441 rows x 10 columns]",1e+99,[],345600.0,2023-01-05 08:00:00,GF6L,5,"[[1.e+99 0.e+00 0.e+00 ... 0.e+00 0.e+00 0.e+00]
 [0.e+00 1.e+99 0.e+00 ... 0.e+00 0.e+00 0.e+00]
 [0.e+00 0.e+00 1.e+99 ... 0.e+00 0.e+00 0.e+00]
 ...
 [0.e+00 0.e+00 0.e+00 ... 1.e+99 0.e+00 0.e+00]
 [0.e+00 0.e+00 0.e+00 ... 0.e+00 1.e+99 0.e+00]
 [0.e+00 0.e+00 0.e+00 ... 0.e+00 0.e+00 1.e+99]]",[],EM
EM,432000.0,emagpy,"['HCP0.20', 'HCP0.33', 'HCP0.50', 'HCP0.72', 'HCP1.03', 'HCP1.50']",<emagpy.Problem.Problem object at 0x7f1525e3b6d0>,/home/z0272571a@CAMPUS.CSIC.ES/Documents/INPREP_OZCAR_ET_DA/data/fwdEM/ERA5_from_weill_nveg2/fwd_ECa5.txt,$EM$,$\mS/m$,"       HCP0.20    HCP0.33    HCP0.50  ...     y  elevation  mesh_node
0     5.960360  -6.753720   1.272210  ...   0.0   0.525000        0.0
1     2.571522 -11.553770 -13.017273  ...   0.5   0.533333        1.0
2    16.074600  -2.210170  -2.564257  ...   1.0   0.558333        2.0
3    -5.831275 -18.701614   5.733323  ...   1.5   0.583333        3.0
4     6.577898   8.848571  -8.019152  ...   2.0   0.608333        4.0
..         ...        ...        ...  ...   ...        ...        ...
436  18.875364   7.756490   0.904808  ...   8.0   0.726667      436.0
437  -7.514902   5.313490 -13.185679  ...   8.5   0.751667      437.0
438   1.423831  -9.049750  -1.670317  ...   9.0   0.776667      438.0
439   7.288730   4.407256   7.785321  ...   9.5   0.801667      439.0
440   0.280493  14.608588   0.948865  ...  10.0   0.810000      440.0

[441 rows x 10 columns]",1e+99,[],432000.0,2023-01-06 08:00:00,GF6L,5,"[[1.e+99 0.e+00 0.e+00 ... 0.e+00 0.e+00 0.e+00]
 [0.e+00 1.e+99 0.e+00 ... 0.e+00 0.e+00 0.e+00]
 [0.e+00 0.e+00 1.e+99 ... 0.e+00 0.e+00 0.e+00]
 ...
 [0.e+00 0.e+00 0.e+00 ... 1.e+99 0.e+00 0.e+00]
 [0.e+00 0.e+00 0.e+00 ... 0.e+00 1.e+99 0.e+00]
 [0.e+00 0.e+00 0.e+00 ... 0.e+00 0.e+00 1.e+99]]",[],EM
EM,518400.0,emagpy,"['HCP0.20', 'HCP0.33', 'HCP0.50', 'HCP0.72', 'HCP1.03', 'HCP1.50']",<emagpy.Problem.Problem object at 0x7f1525e3a770>,/home/z0272571a@CAMPUS.CSIC.ES/Documents/INPREP_OZCAR_ET_DA/data/fwdEM/ERA5_from_weill_nveg2/fwd_ECa6.txt,$EM$,$\mS/m$,"       HCP0.20    HCP0.33    HCP0.50  ...     y  elevation  mesh_node
0     5.572779  -6.510003   1.247285  ...   0.0   0.525000        0.0
1     2.399825 -11.110368 -12.740128  ...   0.5   0.533333        1.0
2    14.998190  -2.124284  -2.508674  ...   1.0   0.558333        2.0
3    -5.440981 -17.975599   5.609321  ...   1.5   0.583333        3.0
4     6.137876   8.505486  -7.846142  ...   2.0   0.608333        4.0
..         ...        ...        ...  ...   ...        ...        ...
436  17.723263   7.506362   0.889505  ...   8.0   0.726667      436.0
437  -7.055983   5.141967 -12.962423  ...   8.5   0.751667      437.0
438   1.335769  -8.752539  -1.641487  ...   9.0   0.776667      438.0
439   6.829447   4.258312   7.646338  ...   9.5   0.801667      439.0
440   0.262249  14.083266   0.930507  ...  10.0   0.810000      440.0

[441 rows x 10 columns]",1e+99,[],518400.0,2023-01-07 08:00:00,GF6L,5,"[[1.e+99 0.e+00 0.e+00 ... 0.e+00 0.e+00 0.e+00]
 [0.e+00 1.e+99 0.e+00 ... 0.e+00 0.e+00 0.e+00]
 [0.e+00 0.e+00 1.e+99 ... 0.e+00 0.e+00 0.e+00]
 ...
 [0.e+00 0.e+00 0.e+00 ... 1.e+99 0.e+00 0.e+00]
 [0.e+00 0.e+00 0.e+00 ... 0.e+00 1.e+99 0.e+00]
 [0.e+00 0.e+00 0.e+00 ... 0.e+00 0.e+00 1.e+99]]",[],EM
EM,604800.0,emagpy,"['HCP0.20', 'HCP0.33', 'HCP0.50', 'HCP0.72', 'HCP1.03', 'HCP1.50']",<emagpy.Problem.Problem object at 0x7f1525e39870>,/home/z0272571a@CAMPUS.CSIC.ES/Documents/INPREP_OZCAR_ET_DA/data/fwdEM/ERA5_from_weill_nveg2/fwd_ECa7.txt,$EM$,$\mS/m$,"       HCP0.20    HCP0.33    HCP0.50  ...     y  elevation  mesh_node
0     5.616470  -6.483053   1.240872  ...   0.0   0.525000        0.0
1     2.423533 -11.060663 -12.663835  ...   0.5   0.533333        1.0
2    15.154125  -2.115222  -2.493794  ...   1.0   0.558333        2.0
3    -5.497643 -17.899899   5.576430  ...   1.5   0.583333        3.0
4     6.201824   8.469851  -7.800406  ...   2.0   0.608333        4.0
..         ...        ...        ...  ...   ...        ...        ...
436  17.804804   7.476239   0.885854  ...   8.0   0.726667      436.0
437  -7.088978   5.121439 -12.909262  ...   8.5   0.751667      437.0
438   1.342811  -8.719333  -1.634833  ...   9.0   0.776667      438.0
439   6.868723   4.241915   7.613892  ...   9.5   0.801667      439.0
440   0.264282  14.024931   0.925825  ...  10.0   0.810000      440.0

[441 rows x 10 columns]",1e+99,[],604800.0,2023-01-08 08:00:00,GF6L,5,"[[1.e+99 0.e+00 0.e+00 ... 0.e+00 0.e+00 0.e+00]
 [0.e+00 1.e+99 0.e+00 ... 0.e+00 0.e+00 0.e+00]
 [0.e+00 0.e+00 1.e+99 ... 0.e+00 0.e+00 0.e+00]
 ...
 [0.e+00 0.e+00 0.e+00 ... 1.e+99 0.e+00 0.e+00]
 [0.e+00 0.e+00 0.e+00 ... 0.e+00 1.e+99 0.e+00]
 [0.e+00 0.e+00 0.e+00 ... 0.e+00 0.e+00 1.e+99]]",[],EM
EM,691200.0,emagpy,"['HCP0.20', 'HCP0.33', 'HCP0.50', 'HCP0.72', 'HCP1.03', 'HCP1.50']",<emagpy.Problem.Problem object at 0x7f1525f04490>,/home/z0272571a@CAMPUS.CSIC.ES/Documents/INPREP_OZCAR_ET_DA/data/fwdEM/ERA5_from_weill_nveg2/fwd_ECa8.txt,$EM$,$\mS/m$,"       HCP0.20    HCP0.33    HCP0.50  ...     y  elevation  mesh_node
0     5.736191  -6.529246   1.243466  ...   0.0   0.525000        0.0
1     2.482978 -11.157424 -12.699929  ...   0.5   0.533333        1.0
2    15.531453  -2.134349  -2.501329  ...   1.0   0.558333        2.0
3    -5.634547 -18.061850   5.593386  ...   1.5   0.583333        3.0
4     6.356195   8.546500  -7.824256  ...   2.0   0.608333        4.0
..         ...        ...        ...  ...   ...        ...        ...
436  18.130392   7.518699   0.887244  ...   8.0   0.726667      436.0
437  -7.218745   5.150588 -12.929587  ...   8.5   0.751667      437.0
438   1.368018  -8.771590  -1.637664  ...   9.0   0.776667      438.0
439   7.000104   4.268177   7.627619  ...   9.5   0.801667      439.0
440   0.269922  14.125766   0.927877  ...  10.0   0.810000      440.0

[441 rows x 10 columns]",1e+99,[],691200.0,2023-01-09 08:00:00,GF6L,5,"[[1.e+99 0.e+00 0.e+00 ... 0.e+00 0.e+00 0.e+00]
 [0.e+00 1.e+99 0.e+00 ... 0.e+00 0.e+00 0.e+00]
 [0.e+00 0.e+00 1.e+99 ... 0.e+00 0.e+00 0.e+00]
 ...
 [0.e+00 0.e+00 0.e+00 ... 1.e+99 0.e+00 0.e+00]
 [0.e+00 0.e+00 0.e+00 ... 0.e+00 1.e+99 0.e+00]
 [0.e+00 0.e+00 0.e+00 ... 0.e+00 0.e+00 1.e+99]]",[],EM
EM,777600.0,emagpy,"['HCP0.20', 'HCP0.33', 'HCP0.50', 'HCP0.72', 'HCP1.03', 'HCP1.50']",<emagpy.Problem.Problem object at 0x7f1525f04f70>,/home/z0272571a@CAMPUS.CSIC.ES/Documents/INPREP_OZCAR_ET_DA/data/fwdEM/ERA5_from_weill_nveg2/fwd_ECa9.txt,$EM$,$\mS/m$,"       HCP0.20    HCP0.33    HCP0.50  ...     y  elevation  mesh_node
0     5.855982  -6.587287   1.248112  ...   0.0   0.525000        0.0
1     2.536447 -11.262250 -12.750241  ...   0.5   0.533333        1.0
2    15.863592  -2.154353  -2.511219  ...   1.0   0.558333        2.0
3    -5.754949 -18.231045   5.615570  ...   1.5   0.583333        3.0
4     6.492019   8.626628  -7.855439  ...   2.0   0.608333        4.0
..         ...        ...        ...  ...   ...        ...        ...
436  18.501339   7.580340   0.890254  ...   8.0   0.726667      436.0
437  -7.365819   5.192630 -12.973241  ...   8.5   0.751667      437.0
438   1.395633  -8.844026  -1.643348  ...   9.0   0.776667      438.0
439   7.137346   4.303118   7.654160  ...   9.5   0.801667      439.0
440   0.275578  14.252538   0.931459  ...  10.0   0.810000      440.0

[441 rows x 10 columns]",1e+99,[],777600.0,2023-01-10 08:00:00,GF6L,5,"[[1.e+99 0.e+00 0.e+00 ... 0.e+00 0.e+00 0.e+00]
 [0.e+00 1.e+99 0.e+00 ... 0.e+00 0.e+00 0.e+00]
 [0.e+00 0.e+00 1.e+99 ... 0.e+00 0.e+00 0.e+00]
 ...
 [0.e+00 0.e+00 0.e+00 ... 1.e+99 0.e+00 0.e+00]
 [0.e+00 0.e+00 0.e+00 ... 0.e+00 1.e+99 0.e+00]
 [0.e+00 0.e+00 0.e+00 ... 0.e+00 0.e+00 1.e+99]]",[],EM
EM,864000.0,emagpy,"['HCP0.20', 'HCP0.33', 'HCP0.50', 'HCP0.72', 'HCP1.03', 'HCP1.50']",<emagpy.Problem.Problem object at 0x7f1525f05a50>,/home/z0272571a@CAMPUS.CSIC.ES/Documents/INPREP_OZCAR_ET_DA/data/fwdEM/ERA5_from_weill_nveg2/fwd_ECa10.txt,$EM$,$\mS/m$,"       HCP0.20    HCP0.33    HCP0.50  ...     y  elevation  mesh_node
0     5.921122  -6.623679   1.251241  ...   0.0   0.525000        0.0
1     2.563275 -11.322329 -12.780313  ...   0.5   0.533333        1.0
2    16.030751  -2.165838  -2.517132  ...   1.0   0.558333        2.0
3    -5.815584 -18.328319   5.628885  ...   1.5   0.583333        3.0
4     6.560456   8.672753  -7.874222  ...   2.0   0.608333        4.0
..         ...        ...        ...  ...   ...        ...        ...
436  18.735810   7.624363   0.892589  ...   8.0   0.726667      436.0
437  -7.458767   5.222633 -13.007070  ...   8.5   0.751667      437.0
438   1.412933  -8.895528  -1.647755  ...   9.0   0.776667      438.0
439   7.217760   4.326714   7.673809  ...   9.5   0.801667      439.0
440   0.278668  14.332750   0.933915  ...  10.0   0.810000      440.0

[441 rows x 10 columns]",1e+99,[],864000.0,2023-01-11 08:00:00,GF6L,5,"[[1.e+99 0.e+00 0.e+00 ... 0.e+00 0.e+00 0.e+00]
 [0.e+00 1.e+99 0.e+00 ... 0.e+00 0.e+00 0.e+00]
 [0.e+00 0.e+00 1.e+99 ... 0.e+00 0.e+00 0.e+00]
 ...
 [0.e+00 0.e+00 0.e+00 ... 1.e+99 0.e+00 0.e+00]
 [0.e+00 0.e+00 0.e+00 ... 0.e+00 1.e+99 0.e+00]
 [0.e+00 0.e+00 0.e+00 ... 0.e+00 0.e+00 1.e+99]]",[],EM
EM,950400.0,emagpy,"['HCP0.20', 'HCP0.33', 'HCP0.50', 'HCP0.72', 'HCP1.03', 'HCP1.50']",<emagpy.Problem.Problem object at 0x7f1525f06530>,/home/z0272571a@CAMPUS.CSIC.ES/Documents/INPREP_OZCAR_ET_DA/data/fwdEM/ERA5_from_weill_nveg2/fwd_ECa11.txt,$EM$,$\mS/m$,"       HCP0.20    HCP0.33    HCP0.50  ...     y  elevation  mesh_node
0     6.004812  -6.669066   1.255306  ...   0.0   0.525000        0.0
1     2.598709 -11.397737 -12.819532  ...   0.5   0.533333        1.0
2    16.251463  -2.180239  -2.524840  ...   1.0   0.558333        2.0
3    -5.895632 -18.450271   5.646209  ...   1.5   0.583333        3.0
4     6.650781   8.730545  -7.898604  ...   2.0   0.608333        4.0
..         ...        ...        ...  ...   ...        ...        ...
436  19.044664   7.682248   0.895799  ...   8.0   0.726667      436.0
437  -7.579008   5.261447 -13.052865  ...   8.5   0.751667      437.0
438   1.434981  -8.960938  -1.653588  ...   9.0   0.776667      438.0
439   7.317789   4.355715   7.698889  ...   9.5   0.801667      439.0
440   0.282634  14.432429   0.937064  ...  10.0   0.810000      440.0

[441 rows x 10 columns]",1e+99,[],950400.0,2023-01-12 08:00:00,GF6L,5,"[[1.e+99 0.e+00 0.e+00 ... 0.e+00 0.e+00 0.e+00]
 [0.e+00 1.e+99 0.e+00 ... 0.e+00 0.e+00 0.e+00]
 [0.e+00 0.e+00 1.e+99 ... 0.e+00 0.e+00 0.e+00]
 ...
 [0.e+00 0.e+00 0.e+00 ... 1.e+99 0.e+00 0.e+00]
 [0.e+00 0.e+00 0.e+00 ... 0.e+00 1.e+99 0.e+00]
 [0.e+00 0.e+00 0.e+00 ... 0.e+00 0.e+00 1.e+99]]",[],EM
EM,1036800.0,emagpy,"['HCP0.20', 'HCP0.33', 'HCP0.50', 'HCP0.72', 'HCP1.03', 'HCP1.50']",<emagpy.Problem.Problem object at 0x7f1525f07010>,/home/z0272571a@CAMPUS.CSIC.ES/Documents/INPREP_OZCAR_ET_DA/data/fwdEM/ERA5_from_weill_nveg2/fwd_ECa12.txt,$EM$,$\mS/m$,"       HCP0.20    HCP0.33    HCP0.50  ...     y  elevation  mesh_node
0     6.081945  -6.712462   1.259320  ...   0.0   0.525000        0.0
1     2.627341 -11.461493 -12.853632  ...   0.5   0.533333        1.0
2    16.429602  -2.192414  -2.531551  ...   1.0   0.558333        2.0
3    -5.960232 -18.553403   5.661303  ...   1.5   0.583333        3.0
4     6.723682   8.779428  -7.919856  ...   2.0   0.608333        4.0
..         ...        ...        ...  ...   ...        ...        ...
436  19.240635   7.722285   0.898117  ...   8.0   0.726667      436.0
437  -7.654977   5.288150 -13.085737  ...   8.5   0.751667      437.0
438   1.451594  -9.013815  -1.658503  ...   9.0   0.776667      438.0
439   7.417617   4.385620   7.725555  ...   9.5   0.801667      439.0
440   0.286335  14.528776   0.940201  ...  10.0   0.810000      440.0

[441 rows x 10 columns]",1e+99,[],1036800.0,2023-01-13 08:00:00,GF6L,5,"[[1.e+99 0.e+00 0.e+00 ... 0.e+00 0.e+00 0.e+00]
 [0.e+00 1.e+99 0.e+00 ... 0.e+00 0.e+00 0.e+00]
 [0.e+00 0.e+00 1.e+99 ... 0.e+00 0.e+00 0.e+00]
 ...
 [0.e+00 0.e+00 0.e+00 ... 1.e+99 0.e+00 0.e+00]
 [0.e+00 0.e+00 0.e+00 ... 0.e+00 1.e+99 0.e+00]
 [0.e+00 0.e+00 0.e+00 ... 0.e+00 0.e+00 1.e+99]]",[],EM
EM,1123200.0,emagpy,"['HCP0.20', 'HCP0.33', 'HCP0.50', 'HCP0.72', 'HCP1.03', 'HCP1.50']",<emagpy.Problem.Problem object at 0x7f1525f07af0>,/home/z0272571a@CAMPUS.CSIC.ES/Documents/INPREP_OZCAR_ET_DA/data/fwdEM/ERA5_from_weill_nveg2/fwd_ECa13.txt,$EM$,$\mS/m$,"       HCP0.20    HCP0.33    HCP0.50  ...     y  elevation  mesh_node
0     6.136915  -6.745850   1.262526  ...   0.0   0.525000        0.0
1     2.648021 -11.510431 -12.880521  ...   0.5   0.533333        1.0
2    16.558816  -2.201810  -2.536883  ...   1.0   0.558333        2.0
3    -6.007114 -18.633057   5.673316  ...   1.5   0.583333        3.0
4     6.776604   8.817207  -7.936797  ...   2.0   0.608333        4.0
..         ...        ...        ...  ...   ...        ...        ...
436  19.363861   7.749767   0.899777  ...   8.0   0.726667      436.0
437  -7.704603   5.307022 -13.109903  ...   8.5   0.751667      437.0
438   1.463280  -9.053917  -1.662388  ...   9.0   0.776667      438.0
439   7.490559   4.409384   7.747727  ...   9.5   0.801667      439.0
440   0.288978  14.603222   0.942727  ...  10.0   0.810000      440.0

[441 rows x 10 columns]",1e+99,[],1123200.0,2023-01-14 08:00:00,GF6L,5,"[[1.e+99 0.e+00 0.e+00 ... 0.e+00 0.e+00 0.e+00]
 [0.e+00 1.e+99 0.e+00 ... 0.e+00 0.e+00 0.e+00]
 [0.e+00 0.e+00 1.e+99 ... 0.e+00 0.e+00 0.e+00]
 ...
 [0.e+00 0.e+00 0.e+00 ... 1.e+99 0.e+00 0.e+00]
 [0.e+00 0.e+00 0.e+00 ... 0.e+00 1.e+99 0.e+00]
 [0.e+00 0.e+00 0.e+00 ... 0.e+00 0.e+00 1.e+99]]",[],EM
EM,1209600.0,emagpy,"['HCP0.20', 'HCP0.33', 'HCP0.50', 'HCP0.72', 'HCP1.03', 'HCP1.50']",<emagpy.Problem.Problem object at 0x7f1525d34610>,/home/z0272571a@CAMPUS.CSIC.ES/Documents/INPREP_OZCAR_ET_DA/data/fwdEM/ERA5_from_weill_nveg2/fwd_ECa14.txt,$EM$,$\mS/m$,"       HCP0.20    HCP0.33    HCP0.50  ...     y  elevation  mesh_node
0     6.179328  -6.773110   1.265227  ...   0.0   0.525000        0.0
1     2.664450 -11.551082 -12.903457  ...   0.5   0.533333        1.0
2    16.661621  -2.209637  -2.541454  ...   1.0   0.558333        2.0
3    -6.044423 -18.699443   5.683625  ...   1.5   0.583333        3.0
4     6.818729   8.848706  -7.951349  ...   2.0   0.608333        4.0
..         ...        ...        ...  ...   ...        ...        ...
436  19.467399   7.773846   0.901276  ...   8.0   0.726667      436.0
437  -7.746198   5.323532 -13.131700  ...   8.5   0.751667      437.0
438   1.472799  -9.088340  -1.665837  ...   9.0   0.776667      438.0
439   7.546201   4.428764   7.766538  ...   9.5   0.801667      439.0
440   0.291011  14.663956   0.944862  ...  10.0   0.810000      440.0

[441 rows x 10 columns]",1e+99,[],1209600.0,2023-01-15 08:00:00,GF6L,5,"[[1.e+99 0.e+00 0.e+00 ... 0.e+00 0.e+00 0.e+00]
 [0.e+00 1.e+99 0.e+00 ... 0.e+00 0.e+00 0.e+00]
 [0.e+00 0.e+00 1.e+99 ... 0.e+00 0.e+00 0.e+00]
 ...
 [0.e+00 0.e+00 0.e+00 ... 1.e+99 0.e+00 0.e+00]
 [0.e+00 0.e+00 0.e+00 ... 0.e+00 1.e+99 0.e+00]
 [0.e+00 0.e+00 0.e+00 ... 0.e+00 0.e+00 1.e+99]]",[],EM
EM,1296000.0,emagpy,"['HCP0.20', 'HCP0.33', 'HCP0.50', 'HCP0.72', 'HCP1.03', 'HCP1.50']",<emagpy.Problem.Problem object at 0x7f1525d350f0>,/home/z0272571a@CAMPUS.CSIC.ES/Documents/INPREP_OZCAR_ET_DA/data/fwdEM/ERA5_from_weill_nveg2/fwd_ECa15.txt,$EM$,$\mS/m$,"       HCP0.20    HCP0.33    HCP0.50  ...     y  elevation  mesh_node
0     6.214147  -6.796281   1.267580  ...   0.0   0.525000        0.0
1     2.678224 -11.586165 -12.923749  ...   0.5   0.533333        1.0
2    16.747876  -2.216402  -2.545511  ...   1.0   0.558333        2.0
3    -6.075729 -18.756838   5.692778  ...   1.5   0.583333        3.0
4     6.854080   8.875947  -7.964275  ...   2.0   0.608333        4.0
..         ...        ...        ...  ...   ...        ...        ...
436  19.560648   7.796191   0.902707  ...   8.0   0.726667      436.0
437  -7.783500   5.338821 -13.152482  ...   8.5   0.751667      437.0
438   1.481080  -9.119398  -1.669039  ...   9.0   0.776667      438.0
439   7.591354   4.445155   7.782918  ...   9.5   0.801667      439.0
440   0.292676  14.715539   0.946724  ...  10.0   0.810000      440.0

[441 rows x 10 columns]",1e+99,[],1296000.0,2023-01-16 08:00:00,GF6L,5,"[[1.e+99 0.e+00 0.e+00 ... 0.e+00 0.e+00 0.e+00]
 [0.e+00 1.e+99 0.e+00 ... 0.e+00 0.e+00 0.e+00]
 [0.e+00 0.e+00 1.e+99 ... 0.e+00 0.e+00 0.e+00]
 ...
 [0.e+00 0.e+00 0.e+00 ... 1.e+99 0.e+00 0.e+00]
 [0.e+00 0.e+00 0.e+00 ... 0.e+00 1.e+99 0.e+00]
 [0.e+00 0.e+00 0.e+00 ... 0.e+00 0.e+00 1.e+99]]",[],EM
EM,1382400.0,emagpy,"['HCP0.20', 'HCP0.33', 'HCP0.50', 'HCP0.72', 'HCP1.03', 'HCP1.50']",<emagpy.Problem.Problem object at 0x7f1525d35bd0>,/home/z0272571a@CAMPUS.CSIC.ES/Documents/INPREP_OZCAR_ET_DA/data/fwdEM/ERA5_from_weill_nveg2/fwd_ECa16.txt,$EM$,$\mS/m$,"       HCP0.20    HCP0.33    HCP0.50  ...     y  elevation  mesh_node
0     6.243903  -6.816726   1.269705  ...   0.0   0.525000        0.0
1     2.690148 -11.617454 -12.942313  ...   0.5   0.533333        1.0
2    16.822570  -2.222443  -2.549232  ...   1.0   0.558333        2.0
3    -6.102841 -18.808091   5.701172  ...   1.5   0.583333        3.0
4     6.884698   8.900277  -7.976133  ...   2.0   0.608333        4.0
..         ...        ...        ...  ...   ...        ...        ...
436  19.647296   7.817722   0.904129  ...   8.0   0.726667      436.0
437  -7.818125   5.353567 -13.173180  ...   8.5   0.751667      437.0
438   1.488572  -9.148575  -1.672137  ...   9.0   0.776667      438.0
439   7.629636   4.459555   7.797683  ...   9.5   0.801667      439.0
440   0.294097  14.761049   0.948409  ...  10.0   0.810000      440.0

[441 rows x 10 columns]",1e+99,[],1382400.0,2023-01-17 08:00:00,GF6L,5,"[[1.e+99 0.e+00 0.e+00 ... 0.e+00 0.e+00 0.e+00]
 [0.e+00 1.e+99 0.e+00 ... 0.e+00 0.e+00 0.e+00]
 [0.e+00 0.e+00 1.e+99 ... 0.e+00 0.e+00 0.e+00]
 ...
 [0.e+00 0.e+00 0.e+00 ... 1.e+99 0.e+00 0.e+00]
 [0.e+00 0.e+00 0.e+00 ... 0.e+00 1.e+99 0.e+00]
 [0.e+00 0.e+00 0.e+00 ... 0.e+00 0.e+00 1.e+99]]",[],EM
EM,1468800.0,emagpy,"['HCP0.20', 'HCP0.33', 'HCP0.50', 'HCP0.72', 'HCP1.03', 'HCP1.50']",<emagpy.Problem.Problem object at 0x7f1525d366b0>,/home/z0272571a@CAMPUS.CSIC.ES/Documents/INPREP_OZCAR_ET_DA/data/fwdEM/ERA5_from_weill_nveg2/fwd_ECa17.txt,$EM$,$\mS/m$,"       HCP0.20    HCP0.33    HCP0.50  ...     y  elevation  mesh_node
0     6.270143  -6.835056   1.271644  ...   0.0   0.525000        0.0
1     2.700809 -11.645876 -12.959543  ...   0.5   0.533333        1.0
2    16.889363  -2.227932  -2.552689  ...   1.0   0.558333        2.0
3    -6.127084 -18.854664   5.708968  ...   1.5   0.583333        3.0
4     6.912077   8.922387  -7.987146  ...   2.0   0.608333        4.0
..         ...        ...        ...  ...   ...        ...        ...
436  19.729670   7.838653   0.905545  ...   8.0   0.726667      436.0
437  -7.851023   5.367911 -13.193821  ...   8.5   0.751667      437.0
438   1.495527  -9.176322  -1.675153  ...   9.0   0.776667      438.0
439   7.663086   4.472380   7.811079  ...   9.5   0.801667      439.0
440   0.295348  14.801835   0.949948  ...  10.0   0.810000      440.0

[441 rows x 10 columns]",1e+99,[],1468800.0,2023-01-18 08:00:00,GF6L,5,"[[1.e+99 0.e+00 0.e+00 ... 0.e+00 0.e+00 0.e+00]
 [0.e+00 1.e+99 0.e+00 ... 0.e+00 0.e+00 0.e+00]
 [0.e+00 0.e+00 1.e+99 ... 0.e+00 0.e+00 0.e+00]
 ...
 [0.e+00 0.e+00 0.e+00 ... 1.e+99 0.e+00 0.e+00]
 [0.e+00 0.e+00 0.e+00 ... 0.e+00 1.e+99 0.e+00]
 [0.e+00 0.e+00 0.e+00 ... 0.e+00 0.e+00 1.e+99]]",[],EM
EM,1555200.0,emagpy,"['HCP0.20', 'HCP0.33', 'HCP0.50', 'HCP0.72', 'HCP1.03', 'HCP1.50']",<emagpy.Problem.Problem object at 0x7f1525d37190>,/home/z0272571a@CAMPUS.CSIC.ES/Documents/INPREP_OZCAR_ET_DA/data/fwdEM/ERA5_from_weill_nveg2/fwd_ECa18.txt,$EM$,$\mS/m$,"       HCP0.20    HCP0.33    HCP0.50  ...     y  elevation  mesh_node
0     6.296556  -6.853166   1.273569  ...   0.0   0.525000        0.0
1     2.711889 -11.674755 -12.977192  ...   0.5   0.533333        1.0
2    16.958741  -2.233505  -2.556226  ...   1.0   0.558333        2.0
3    -6.152262 -18.901930   5.716938  ...   1.5   0.583333        3.0
4     6.940508   8.944819  -7.998395  ...   2.0   0.608333        4.0
..         ...        ...        ...  ...   ...        ...        ...
436  19.818720   7.860929   0.907061  ...   8.0   0.726667      436.0
437  -7.886636   5.383217 -13.216002  ...   8.5   0.751667      437.0
438   1.502798  -9.205030  -1.678295  ...   9.0   0.776667      438.0
439   7.696072   4.484841   7.824142  ...   9.5   0.801667      439.0
440   0.296604  14.842021   0.951471  ...  10.0   0.810000      440.0

[441 rows x 10 columns]",1e+99,[],1555200.0,2023-01-19 08:00:00,GF6L,5,"[[1.e+99 0.e+00 0.e+00 ... 0.e+00 0.e+00 0.e+00]
 [0.e+00 1.e+99 0.e+00 ... 0.e+00 0.e+00 0.e+00]
 [0.e+00 0.e+00 1.e+99 ... 0.e+00 0.e+00 0.e+00]
 ...
 [0.e+00 0.e+00 0.e+00 ... 1.e+99 0.e+00 0.e+00]
 [0.e+00 0.e+00 0.e+00 ... 0.e+00 1.e+99 0.e+00]
 [0.e+00 0.e+00 0.e+00 ... 0.e+00 0.e+00 1.e+99]]",[],EM
EM,1641600.0,emagpy,"['HCP0.20', 'HCP0.33', 'HCP0.50', 'HCP0.72', 'HCP1.03', 'HCP1.50']",<emagpy.Problem.Problem object at 0x7f1525d37c70>,/home/z0272571a@CAMPUS.CSIC.ES/Documents/INPREP_OZCAR_ET_DA/data/fwdEM/ERA5_from_weill_nveg2/fwd_ECa19.txt,$EM$,$\mS/m$,"       HCP0.20    HCP0.33    HCP0.50  ...     y  elevation  mesh_node
0     6.321080  -6.870228   1.275410  ...   0.0   0.525000        0.0
1     2.722407 -11.702495 -12.994436  ...   0.5   0.533333        1.0
2    17.024570  -2.238855  -2.559681  ...   1.0   0.558333        2.0
3    -6.176152 -18.947300   5.724716  ...   1.5   0.583333        3.0
4     6.967482   8.966349  -8.009370  ...   2.0   0.608333        4.0
..         ...        ...        ...  ...   ...        ...        ...
436  19.907896   7.883557   0.908627  ...   8.0   0.726667      436.0
437  -7.922440   5.398846 -13.239048  ...   8.5   0.751667      437.0
438   1.509902  -9.233548  -1.681468  ...   9.0   0.776667      438.0
439   7.726275   4.496450   7.836502  ...   9.5   0.801667      439.0
440   0.297768  14.879845   0.952926  ...  10.0   0.810000      440.0

[441 rows x 10 columns]",1e+99,[],1641600.0,2023-01-20 08:00:00,GF6L,5,"[[1.e+99 0.e+00 0.e+00 ... 0.e+00 0.e+00 0.e+00]
 [0.e+00 1.e+99 0.e+00 ... 0.e+00 0.e+00 0.e+00]
 [0.e+00 0.e+00 1.e+99 ... 0.e+00 0.e+00 0.e+00]
 ...
 [0.e+00 0.e+00 0.e+00 ... 1.e+99 0.e+00 0.e+00]
 [0.e+00 0.e+00 0.e+00 ... 0.e+00 1.e+99 0.e+00]
 [0.e+00 0.e+00 0.e+00 ... 0.e+00 0.e+00 1.e+99]]",[],EM
EM,1728000.0,emagpy,"['HCP0.20', 'HCP0.33', 'HCP0.50', 'HCP0.72', 'HCP1.03', 'HCP1.50']",<emagpy.Problem.Problem object at 0x7f1525d48790>,/home/z0272571a@CAMPUS.CSIC.ES/Documents/INPREP_OZCAR_ET_DA/data/fwdEM/ERA5_from_weill_nveg2/fwd_ECa20.txt,$EM$,$\mS/m$,"       HCP0.20    HCP0.33    HCP0.50  ...     y  elevation  mesh_node
0     6.343308  -6.885920   1.277129  ...   0.0   0.525000        0.0
1     2.732093 -11.728389 -13.010803  ...   0.5   0.533333        1.0
2    17.085164  -2.243848  -2.562961  ...   1.0   0.558333        2.0
3    -6.198140 -18.989637   5.732097  ...   1.5   0.583333        3.0
4     6.992310   8.986440  -8.019781  ...   2.0   0.608333        4.0
..         ...        ...        ...  ...   ...        ...        ...
436  19.993050   7.905492   0.910170  ...   8.0   0.726667      436.0
437  -7.956775   5.414079 -13.261901  ...   8.5   0.751667      437.0
438   1.516566  -9.260734  -1.684543  ...   9.0   0.776667      438.0
439   7.753369   4.507032   7.847942  ...   9.5   0.801667      439.0
440   0.298821  14.914623   0.954286  ...  10.0   0.810000      440.0

[441 rows x 10 columns]",1e+99,[],1728000.0,2023-01-21 08:00:00,GF6L,5,"[[1.e+99 0.e+00 0.e+00 ... 0.e+00 0.e+00 0.e+00]
 [0.e+00 1.e+99 0.e+00 ... 0.e+00 0.e+00 0.e+00]
 [0.e+00 0.e+00 1.e+99 ... 0.e+00 0.e+00 0.e+00]
 ...
 [0.e+00 0.e+00 0.e+00 ... 1.e+99 0.e+00 0.e+00]
 [0.e+00 0.e+00 0.e+00 ... 0.e+00 1.e+99 0.e+00]
 [0.e+00 0.e+00 0.e+00 ... 0.e+00 0.e+00 1.e+99]]",[],EM
EM,1814400.0,emagpy,"['HCP0.20', 'HCP0.33', 'HCP0.50', 'HCP0.72', 'HCP1.03', 'HCP1.50']",<emagpy.Problem.Problem object at 0x7f1525d49270>,/home/z0272571a@CAMPUS.CSIC.ES/Documents/INPREP_OZCAR_ET_DA/data/fwdEM/ERA5_from_weill_nveg2/fwd_ECa21.txt,$EM$,$\mS/m$,"       HCP0.20    HCP0.33    HCP0.50  ...     y  elevation  mesh_node
0     6.366304  -6.901838   1.278873  ...   0.0   0.525000        0.0
1     2.742318 -11.755195 -13.027797  ...   0.5   0.533333        1.0
2    17.149106  -2.249012  -2.566361  ...   1.0   0.558333        2.0
3    -6.221339 -19.033403   5.739741  ...   1.5   0.583333        3.0
4     7.018502   9.007203  -8.030555  ...   2.0   0.608333        4.0
..         ...        ...        ...  ...   ...        ...        ...
436  20.082557   7.928230   0.911773  ...   8.0   0.726667      436.0
437  -7.992966   5.429939 -13.285784  ...   8.5   0.751667      437.0
438   1.523436  -9.288394  -1.687680  ...   9.0   0.776667      438.0
439   7.780965   4.517608   7.859372  ...   9.5   0.801667      439.0
440   0.299910  14.949823   0.955662  ...  10.0   0.810000      440.0

[441 rows x 10 columns]",1e+99,[],1814400.0,2023-01-22 08:00:00,GF6L,5,"[[1.e+99 0.e+00 0.e+00 ... 0.e+00 0.e+00 0.e+00]
 [0.e+00 1.e+99 0.e+00 ... 0.e+00 0.e+00 0.e+00]
 [0.e+00 0.e+00 1.e+99 ... 0.e+00 0.e+00 0.e+00]
 ...
 [0.e+00 0.e+00 0.e+00 ... 1.e+99 0.e+00 0.e+00]
 [0.e+00 0.e+00 0.e+00 ... 0.e+00 1.e+99 0.e+00]
 [0.e+00 0.e+00 0.e+00 ... 0.e+00 0.e+00 1.e+99]]",[],EM
EM,1900800.0,emagpy,"['HCP0.20', 'HCP0.33', 'HCP0.50', 'HCP0.72', 'HCP1.03', 'HCP1.50']",<emagpy.Problem.Problem object at 0x7f1525d49d50>,/home/z0272571a@CAMPUS.CSIC.ES/Documents/INPREP_OZCAR_ET_DA/data/fwdEM/ERA5_from_weill_nveg2/fwd_ECa22.txt,$EM$,$\mS/m$,"       HCP0.20    HCP0.33    HCP0.50  ...     y  elevation  mesh_node
0     6.385665  -6.915825   1.280445  ...   0.0   0.525000        0.0
1     2.750986 -11.778892 -13.043209  ...   0.5   0.533333        1.0
2    17.203302  -2.253577  -2.569446  ...   1.0   0.558333        2.0
3    -6.241003 -19.072106   5.746680  ...   1.5   0.583333        3.0
4     7.040705   9.025567  -8.040336  ...   2.0   0.608333        4.0
..         ...        ...        ...  ...   ...        ...        ...
436  20.161511   7.948993   0.913272  ...   8.0   0.726667      436.0
437  -8.025020   5.444490 -13.308223  ...   8.5   0.751667      437.0
438   1.529422  -9.313380  -1.690582  ...   9.0   0.776667      438.0
439   7.804130   4.526880   7.869656  ...   9.5   0.801667      439.0
440   0.300826  14.980806   0.956907  ...  10.0   0.810000      440.0

[441 rows x 10 columns]",1e+99,[],1900800.0,2023-01-23 08:00:00,GF6L,5,"[[1.e+99 0.e+00 0.e+00 ... 0.e+00 0.e+00 0.e+00]
 [0.e+00 1.e+99 0.e+00 ... 0.e+00 0.e+00 0.e+00]
 [0.e+00 0.e+00 1.e+99 ... 0.e+00 0.e+00 0.e+00]
 ...
 [0.e+00 0.e+00 0.e+00 ... 1.e+99 0.e+00 0.e+00]
 [0.e+00 0.e+00 0.e+00 ... 0.e+00 1.e+99 0.e+00]
 [0.e+00 0.e+00 0.e+00 ... 0.e+00 0.e+00 1.e+99]]",[],EM
EM,1987200.0,emagpy,"['HCP0.20', 'HCP0.33', 'HCP0.50', 'HCP0.72', 'HCP1.03', 'HCP1.50']",<emagpy.Problem.Problem object at 0x7f1525d4a860>,/home/z0272571a@CAMPUS.CSIC.ES/Documents/INPREP_OZCAR_ET_DA/data/fwdEM/ERA5_from_weill_nveg2/fwd_ECa23.txt,$EM$,$\mS/m$,"       HCP0.20    HCP0.33    HCP0.50  ...     y  elevation  mesh_node
0     6.404548  -6.929394   1.281979  ...   0.0   0.525000        0.0
1     2.759502 -11.802103 -13.058424  ...   0.5   0.533333        1.0
2    17.256544  -2.258047  -2.572491  ...   1.0   0.558333        2.0
3    -6.260319 -19.109991   5.753521  ...   1.5   0.583333        3.0
4     7.062515   9.043540  -8.049977  ...   2.0   0.608333        4.0
..         ...        ...        ...  ...   ...        ...        ...
436  20.238123   7.969122   0.914736  ...   8.0   0.726667      436.0
437  -8.056149   5.458618 -13.330179  ...   8.5   0.751667      437.0
438   1.535188  -9.337427  -1.693398  ...   9.0   0.776667      438.0
439   7.826579   4.535809   7.879612  ...   9.5   0.801667      439.0
440   0.301719  15.010845   0.958121  ...  10.0   0.810000      440.0

[441 rows x 10 columns]",1e+99,[],1987200.0,2023-01-24 08:00:00,GF6L,5,"[[1.e+99 0.e+00 0.e+00 ... 0.e+00 0.e+00 0.e+00]
 [0.e+00 1.e+99 0.e+00 ... 0.e+00 0.e+00 0.e+00]
 [0.e+00 0.e+00 1.e+99 ... 0.e+00 0.e+00 0.e+00]
 ...
 [0.e+00 0.e+00 0.e+00 ... 1.e+99 0.e+00 0.e+00]
 [0.e+00 0.e+00 0.e+00 ... 0.e+00 1.e+99 0.e+00]
 [0.e+00 0.e+00 0.e+00 ... 0.e+00 0.e+00 1.e+99]]",[],EM
EM,2073600.0,emagpy,"['HCP0.20', 'HCP0.33', 'HCP0.50', 'HCP0.72', 'HCP1.03', 'HCP1.50']",<emagpy.Problem.Problem object at 0x7f1525d4b340>,/home/z0272571a@CAMPUS.CSIC.ES/Documents/INPREP_OZCAR_ET_DA/data/fwdEM/ERA5_from_weill_nveg2/fwd_ECa24.txt,$EM$,$\mS/m$,"       HCP0.20    HCP0.33    HCP0.50  ...     y  elevation  mesh_node
0    -3.128071  13.912412   3.044445  ...   0.0   0.525000        0.0
1    -6.097385   8.197166  -5.339056  ...   0.5   0.533333        1.0
2    -0.346692  -9.657237  -6.351840  ...   1.0   0.558333        2.0
3    -1.160837   5.926639 -10.735643  ...   1.5   0.583333        3.0
4   -11.625087   7.090430  -0.005604  ...   2.0   0.608333        4.0
..         ...        ...        ...  ...   ...        ...        ...
436   2.831733   6.735325   1.726725  ...   8.0   0.726667      436.0
437  -0.760166 -12.390298  -9.650521  ...   8.5   0.751667      437.0
438   3.620628  -2.428246  16.376714  ...   9.0   0.776667      438.0
439   5.132279  16.053139  -6.221801  ...   9.5   0.801667      439.0
440  16.394882   9.924067  11.666610  ...  10.0   0.810000      440.0

[441 rows x 10 columns]",1e+99,[],2073600.0,2023-01-25 08:00:00,GF6L,5,"[[1.e+99 0.e+00 0.e+00 ... 0.e+00 0.e+00 0.e+00]
 [0.e+00 1.e+99 0.e+00 ... 0.e+00 0.e+00 0.e+00]
 [0.e+00 0.e+00 1.e+99 ... 0.e+00 0.e+00 0.e+00]
 ...
 [0.e+00 0.e+00 0.e+00 ... 1.e+99 0.e+00 0.e+00]
 [0.e+00 0.e+00 0.e+00 ... 0.e+00 1.e+99 0.e+00]
 [0.e+00 0.e+00 0.e+00 ... 0.e+00 0.e+00 1.e+99]]",[],EM
EM,2160000.0,emagpy,"['HCP0.20', 'HCP0.33', 'HCP0.50', 'HCP0.72', 'HCP1.03', 'HCP1.50']",<emagpy.Problem.Problem object at 0x7f1525d4be20>,/home/z0272571a@CAMPUS.CSIC.ES/Documents/INPREP_OZCAR_ET_DA/data/fwdEM/ERA5_from_weill_nveg2/fwd_ECa25.txt,$EM$,$\mS/m$,"       HCP0.20    HCP0.33    HCP0.50  ...     y  elevation  mesh_node
0    -3.136771  13.937979   3.047906  ...   0.0   0.525000        0.0
1    -6.115236   8.212471  -5.345056  ...   0.5   0.533333        1.0
2    -0.347707  -9.675382  -6.359087  ...   1.0   0.558333        2.0
3    -1.164236   5.937788 -10.747942  ...   1.5   0.583333        3.0
4   -11.659149   7.103799  -0.005610  ...   2.0   0.608333        4.0
..         ...        ...        ...  ...   ...        ...        ...
436   2.841533   6.750916   1.729294  ...   8.0   0.726667      436.0
437  -0.762849 -12.419709  -9.665321  ...   8.5   0.751667      437.0
438   3.633019  -2.433955  16.401966  ...   9.0   0.776667      438.0
439   5.146064  16.082509  -6.229186  ...   9.5   0.801667      439.0
440  16.440661   9.942698  11.680648  ...  10.0   0.810000      440.0

[441 rows x 10 columns]",1e+99,[],2160000.0,2023-01-26 08:00:00,GF6L,5,"[[1.e+99 0.e+00 0.e+00 ... 0.e+00 0.e+00 0.e+00]
 [0.e+00 1.e+99 0.e+00 ... 0.e+00 0.e+00 0.e+00]
 [0.e+00 0.e+00 1.e+99 ... 0.e+00 0.e+00 0.e+00]
 ...
 [0.e+00 0.e+00 0.e+00 ... 1.e+99 0.e+00 0.e+00]
 [0.e+00 0.e+00 0.e+00 ... 0.e+00 1.e+99 0.e+00]
 [0.e+00 0.e+00 0.e+00 ... 0.e+00 0.e+00 1.e+99]]",[],EM
EM,2246400.0,emagpy,"['HCP0.20', 'HCP0.33', 'HCP0.50', 'HCP0.72', 'HCP1.03', 'HCP1.50']",<emagpy.Problem.Problem object at 0x7f1525d60940>,/home/z0272571a@CAMPUS.CSIC.ES/Documents/INPREP_OZCAR_ET_DA/data/fwdEM/ERA5_from_weill_nveg2/fwd_ECa26.txt,$EM$,$\mS/m$,"       HCP0.20    HCP0.33    HCP0.50  ...     y  elevation  mesh_node
0    -3.143942  13.960442   3.051047  ...   0.0   0.525000        0.0
1    -6.129955   8.225911  -5.350502  ...   0.5   0.533333        1.0
2    -0.348544  -9.691326  -6.365671  ...   1.0   0.558333        2.0
3    -1.167038   5.947586 -10.759119  ...   1.5   0.583333        3.0
4   -11.687239   7.115550  -0.005616  ...   2.0   0.608333        4.0
..         ...        ...        ...  ...   ...        ...        ...
436   2.849891   6.764860   1.731655  ...   8.0   0.726667      436.0
437  -0.765147 -12.446083  -9.678956  ...   8.5   0.751667      437.0
438   3.643560  -2.439062  16.425223  ...   9.0   0.776667      438.0
439   5.157466  16.108408  -6.235925  ...   9.5   0.801667      439.0
440  16.478450   9.959121  11.693463  ...  10.0   0.810000      440.0

[441 rows x 10 columns]",1e+99,[],2246400.0,2023-01-27 08:00:00,GF6L,5,"[[1.e+99 0.e+00 0.e+00 ... 0.e+00 0.e+00 0.e+00]
 [0.e+00 1.e+99 0.e+00 ... 0.e+00 0.e+00 0.e+00]
 [0.e+00 0.e+00 1.e+99 ... 0.e+00 0.e+00 0.e+00]
 ...
 [0.e+00 0.e+00 0.e+00 ... 1.e+99 0.e+00 0.e+00]
 [0.e+00 0.e+00 0.e+00 ... 0.e+00 1.e+99 0.e+00]
 [0.e+00 0.e+00 0.e+00 ... 0.e+00 0.e+00 1.e+99]]",[],EM
EM,2332800.0,emagpy,"['HCP0.20', 'HCP0.33', 'HCP0.50', 'HCP0.72', 'HCP1.03', 'HCP1.50']",<emagpy.Problem.Problem object at 0x7f1525d61420>,/home/z0272571a@CAMPUS.CSIC.ES/Documents/INPREP_OZCAR_ET_DA/data/fwdEM/ERA5_from_weill_nveg2/fwd_ECa27.txt,$EM$,$\mS/m$,"       HCP0.20    HCP0.33    HCP0.50  ...     y  elevation  mesh_node
0    -3.152875  13.985930   3.054490  ...   0.0   0.525000        0.0
1    -6.148194   8.241224  -5.356520  ...   0.5   0.533333        1.0
2    -0.349582  -9.709483  -6.372936  ...   1.0   0.558333        2.0
3    -1.170514   5.958739 -10.771440  ...   1.5   0.583333        3.0
4   -11.722069   7.128919  -0.005622  ...   2.0   0.608333        4.0
..         ...        ...        ...  ...   ...        ...        ...
436   2.859200   6.779472   1.734073  ...   8.0   0.726667      436.0
437  -0.767684 -12.473563  -9.692860  ...   8.5   0.751667      437.0
438   3.655485  -2.444459  16.449187  ...   9.0   0.776667      438.0
439   5.171566  16.137467  -6.243200  ...   9.5   0.801667      439.0
440  16.525460   9.977676  11.707401  ...  10.0   0.810000      440.0

[441 rows x 10 columns]",1e+99,[],2332800.0,2023-01-28 08:00:00,GF6L,5,"[[1.e+99 0.e+00 0.e+00 ... 0.e+00 0.e+00 0.e+00]
 [0.e+00 1.e+99 0.e+00 ... 0.e+00 0.e+00 0.e+00]
 [0.e+00 0.e+00 1.e+99 ... 0.e+00 0.e+00 0.e+00]
 ...
 [0.e+00 0.e+00 0.e+00 ... 1.e+99 0.e+00 0.e+00]
 [0.e+00 0.e+00 0.e+00 ... 0.e+00 1.e+99 0.e+00]
 [0.e+00 0.e+00 0.e+00 ... 0.e+00 0.e+00 1.e+99]]",[],EM
EM,2419200.0,emagpy,"['HCP0.20', 'HCP0.33', 'HCP0.50', 'HCP0.72', 'HCP1.03', 'HCP1.50']",<emagpy.Problem.Problem object at 0x7f1525d61f00>,/home/z0272571a@CAMPUS.CSIC.ES/Documents/INPREP_OZCAR_ET_DA/data/fwdEM/ERA5_from_weill_nveg2/fwd_ECa28.txt,$EM$,$\mS/m$,"       HCP0.20    HCP0.33    HCP0.50  ...     y  elevation  mesh_node
0    -3.163130  14.013961   3.058207  ...   0.0   0.525000        0.0
1    -6.168704   8.257876  -5.362977  ...   0.5   0.533333        1.0
2    -0.350752  -9.729241  -6.380727  ...   1.0   0.558333        2.0
3    -1.174430   5.970874 -10.784645  ...   1.5   0.583333        3.0
4   -11.761305   7.143460  -0.005629  ...   2.0   0.608333        4.0
..         ...        ...        ...  ...   ...        ...        ...
436   2.868886   6.794317   1.736507  ...   8.0   0.726667      436.0
437  -0.770305 -12.501315  -9.706789  ...   8.5   0.751667      437.0
438   3.668204  -2.450035  16.473630  ...   9.0   0.776667      438.0
439   5.187805  16.169362  -6.250997  ...   9.5   0.801667      439.0
440  16.579452   9.998045  11.722370  ...  10.0   0.810000      440.0

[441 rows x 10 columns]",1e+99,[],2419200.0,2023-01-29 08:00:00,GF6L,5,"[[1.e+99 0.e+00 0.e+00 ... 0.e+00 0.e+00 0.e+00]
 [0.e+00 1.e+99 0.e+00 ... 0.e+00 0.e+00 0.e+00]
 [0.e+00 0.e+00 1.e+99 ... 0.e+00 0.e+00 0.e+00]
 ...
 [0.e+00 0.e+00 0.e+00 ... 1.e+99 0.e+00 0.e+00]
 [0.e+00 0.e+00 0.e+00 ... 0.e+00 1.e+99 0.e+00]
 [0.e+00 0.e+00 0.e+00 ... 0.e+00 0.e+00 1.e+99]]",[],EM
EM,2505600.0,emagpy,"['HCP0.20', 'HCP0.33', 'HCP0.50', 'HCP0.72', 'HCP1.03', 'HCP1.50']",<emagpy.Problem.Problem object at 0x7f1525d629e0>,/home/z0272571a@CAMPUS.CSIC.ES/Documents/INPREP_OZCAR_ET_DA/data/fwdEM/ERA5_from_weill_nveg2/fwd_ECa29.txt,$EM$,$\mS/m$,"       HCP0.20    HCP0.33    HCP0.50  ...     y  elevation  mesh_node
0    -3.175989  14.047322   3.062509  ...   0.0   0.525000        0.0
1    -6.193183   8.276999  -5.370250  ...   0.5   0.533333        1.0
2    -0.352153  -9.751980  -6.389510  ...   1.0   0.558333        2.0
3    -1.179121   5.984834 -10.799522  ...   1.5   0.583333        3.0
4   -11.808291   7.160181  -0.005637  ...   2.0   0.608333        4.0
..         ...        ...        ...  ...   ...        ...        ...
436   2.879302   6.809854   1.739022  ...   8.0   0.726667      436.0
437  -0.773089 -12.530065  -9.721060  ...   8.5   0.751667      437.0
438   3.682515  -2.456068  16.499550  ...   9.0   0.776667      438.0
439   5.208484  16.207607  -6.260018  ...   9.5   0.801667      439.0
440  16.647162  10.022228  11.739577  ...  10.0   0.810000      440.0

[441 rows x 10 columns]",1e+99,[],2505600.0,2023-01-30 08:00:00,GF6L,5,"[[1.e+99 0.e+00 0.e+00 ... 0.e+00 0.e+00 0.e+00]
 [0.e+00 1.e+99 0.e+00 ... 0.e+00 0.e+00 0.e+00]
 [0.e+00 0.e+00 1.e+99 ... 0.e+00 0.e+00 0.e+00]
 ...
 [0.e+00 0.e+00 0.e+00 ... 1.e+99 0.e+00 0.e+00]
 [0.e+00 0.e+00 0.e+00 ... 0.e+00 1.e+99 0.e+00]
 [0.e+00 0.e+00 0.e+00 ... 0.e+00 0.e+00 1.e+99]]",[],EM
EM,2592000.0,emagpy,"['HCP0.20', 'HCP0.33', 'HCP0.50', 'HCP0.72', 'HCP1.03', 'HCP1.50']",<emagpy.Problem.Problem object at 0x7f1525d634c0>,/home/z0272571a@CAMPUS.CSIC.ES/Documents/INPREP_OZCAR_ET_DA/data/fwdEM/ERA5_from_weill_nveg2/fwd_ECa30.txt,$EM$,$\mS/m$,"       HCP0.20    HCP0.33    HCP0.50  ...     y  elevation  mesh_node
0    -3.187447  14.078150   3.066559  ...   0.0   0.525000        0.0
1    -6.213945   8.293974  -5.376866  ...   0.5   0.533333        1.0
2    -0.353345  -9.772210  -6.397517  ...   1.0   0.558333        2.0
3    -1.183110   5.997257 -10.813088  ...   1.5   0.583333        3.0
4   -11.848249   7.175062  -0.005644  ...   2.0   0.608333        4.0
..         ...        ...        ...  ...   ...        ...        ...
436   2.887947   6.823374   1.741271  ...   8.0   0.726667      436.0
437  -0.775390 -12.554982  -9.733776  ...   8.5   0.751667      437.0
438   3.694652  -2.461411  16.523094  ...   9.0   0.776667      438.0
439   5.227409  16.243720  -6.268664  ...   9.5   0.801667      439.0
440  16.707658  10.044643  11.755826  ...  10.0   0.810000      440.0

[441 rows x 10 columns]",1e+99,[],2592000.0,2023-01-31 08:00:00,GF6L,5,"[[1.e+99 0.e+00 0.e+00 ... 0.e+00 0.e+00 0.e+00]
 [0.e+00 1.e+99 0.e+00 ... 0.e+00 0.e+00 0.e+00]
 [0.e+00 0.e+00 1.e+99 ... 0.e+00 0.e+00 0.e+00]
 ...
 [0.e+00 0.e+00 0.e+00 ... 1.e+99 0.e+00 0.e+00]
 [0.e+00 0.e+00 0.e+00 ... 0.e+00 1.e+99 0.e+00]
 [0.e+00 0.e+00 0.e+00 ... 0.e+00 0.e+00 1.e+99]]",[],EM
EM,2678400.0,emagpy,"['HCP0.20', 'HCP0.33', 'HCP0.50', 'HCP0.72', 'HCP1.03', 'HCP1.50']",<emagpy.Problem.Problem object at 0x7f1525d63fa0>,/home/z0272571a@CAMPUS.CSIC.ES/Documents/INPREP_OZCAR_ET_DA/data/fwdEM/ERA5_from_weill_nveg2/fwd_ECa31.txt,$EM$,$\mS/m$,"       HCP0.20    HCP0.33    HCP0.50  ...     y  elevation  mesh_node
0    -3.195823  14.103003   3.069994  ...   0.0   0.525000        0.0
1    -6.229059   8.307581  -5.382445  ...   0.5   0.533333        1.0
2    -0.354211  -9.788432  -6.404278  ...   1.0   0.558333        2.0
3    -1.186011   6.007220 -10.824549  ...   1.5   0.583333        3.0
4   -11.877322   7.187002  -0.005650  ...   2.0   0.608333        4.0
..         ...        ...        ...  ...   ...        ...        ...
436   2.894614   6.834679   1.743238  ...   8.0   0.726667      436.0
437  -0.777172 -12.575871  -9.744919  ...   8.5   0.751667      437.0
438   3.703812  -2.465829  16.543575  ...   9.0   0.776667      438.0
439   5.241428  16.273241  -6.276121  ...   9.5   0.801667      439.0
440  16.752075  10.062835  11.769755  ...  10.0   0.810000      440.0

[441 rows x 10 columns]",1e+99,[],2678400.0,2023-02-01 08:00:00,GF6L,5,"[[1.e+99 0.e+00 0.e+00 ... 0.e+00 0.e+00 0.e+00]
 [0.e+00 1.e+99 0.e+00 ... 0.e+00 0.e+00 0.e+00]
 [0.e+00 0.e+00 1.e+99 ... 0.e+00 0.e+00 0.e+00]
 ...
 [0.e+00 0.e+00 0.e+00 ... 1.e+99 0.e+00 0.e+00]
 [0.e+00 0.e+00 0.e+00 ... 0.e+00 1.e+99 0.e+00]
 [0.e+00 0.e+00 0.e+00 ... 0.e+00 0.e+00 1.e+99]]",[],EM
EM,2764800.0,emagpy,"['HCP0.20', 'HCP0.33', 'HCP0.50', 'HCP0.72', 'HCP1.03', 'HCP1.50']",<emagpy.Problem.Problem object at 0x7f1525d68af0>,/home/z0272571a@CAMPUS.CSIC.ES/Documents/INPREP_OZCAR_ET_DA/data/fwdEM/ERA5_from_weill_nveg2/fwd_ECa32.txt,$EM$,$\mS/m$,"       HCP0.20    HCP0.33    HCP0.50  ...     y  elevation  mesh_node
0    -3.203050  14.125215   3.073135  ...   0.0   0.525000        0.0
1    -6.242161   8.319765  -5.387548  ...   0.5   0.533333        1.0
2    -0.354962  -9.802955  -6.410466  ...   1.0   0.558333        2.0
3    -1.188524   6.016141 -10.835039  ...   1.5   0.583333        3.0
4   -11.902502   7.197694  -0.005656  ...   2.0   0.608333        4.0
..         ...        ...        ...  ...   ...        ...        ...
436   2.900460   6.844846   1.745041  ...   8.0   0.726667      436.0
437  -0.778736 -12.594645  -9.755121  ...   8.5   0.751667      437.0
438   3.711749  -2.469779  16.562308  ...   9.0   0.776667      438.0
439   5.253547  16.299727  -6.282976  ...   9.5   0.801667      439.0
440  16.790476  10.079146  11.782550  ...  10.0   0.810000      440.0

[441 rows x 10 columns]",1e+99,[],2764800.0,2023-02-02 08:00:00,GF6L,5,"[[1.e+99 0.e+00 0.e+00 ... 0.e+00 0.e+00 0.e+00]
 [0.e+00 1.e+99 0.e+00 ... 0.e+00 0.e+00 0.e+00]
 [0.e+00 0.e+00 1.e+99 ... 0.e+00 0.e+00 0.e+00]
 ...
 [0.e+00 0.e+00 0.e+00 ... 1.e+99 0.e+00 0.e+00]
 [0.e+00 0.e+00 0.e+00 ... 0.e+00 1.e+99 0.e+00]
 [0.e+00 0.e+00 0.e+00 ... 0.e+00 0.e+00 1.e+99]]",[],EM
EM,2851200.0,emagpy,"['HCP0.20', 'HCP0.33', 'HCP0.50', 'HCP0.72', 'HCP1.03', 'HCP1.50']",<emagpy.Problem.Problem object at 0x7f1525d695d0>,/home/z0272571a@CAMPUS.CSIC.ES/Documents/INPREP_OZCAR_ET_DA/data/fwdEM/ERA5_from_weill_nveg2/fwd_ECa33.txt,$EM$,$\mS/m$,"       HCP0.20    HCP0.33    HCP0.50  ...     y  elevation  mesh_node
0    -3.209592  14.145820   3.076099  ...   0.0   0.525000        0.0
1    -6.254036   8.331071  -5.392363  ...   0.5   0.533333        1.0
2    -0.355642  -9.816433  -6.416307  ...   1.0   0.558333        2.0
3    -1.190800   6.024421 -10.844941  ...   1.5   0.583333        3.0
4   -11.925314   7.207618  -0.005661  ...   2.0   0.608333        4.0
..         ...        ...        ...  ...   ...        ...        ...
436   2.905763   6.854250   1.746733  ...   8.0   0.726667      436.0
437  -0.780155 -12.611994  -9.764691  ...   8.5   0.751667      437.0
438   3.718912  -2.473424  16.579905  ...   9.0   0.776667      438.0
439   5.264539  16.324367  -6.289470  ...   9.5   0.801667      439.0
440  16.825292  10.094311  11.794661  ...  10.0   0.810000      440.0

[441 rows x 10 columns]",1e+99,[],2851200.0,2023-02-03 08:00:00,GF6L,5,"[[1.e+99 0.e+00 0.e+00 ... 0.e+00 0.e+00 0.e+00]
 [0.e+00 1.e+99 0.e+00 ... 0.e+00 0.e+00 0.e+00]
 [0.e+00 0.e+00 1.e+99 ... 0.e+00 0.e+00 0.e+00]
 ...
 [0.e+00 0.e+00 0.e+00 ... 1.e+99 0.e+00 0.e+00]
 [0.e+00 0.e+00 0.e+00 ... 0.e+00 1.e+99 0.e+00]
 [0.e+00 0.e+00 0.e+00 ... 0.e+00 0.e+00 1.e+99]]",[],EM
EM,2937600.0,emagpy,"['HCP0.20', 'HCP0.33', 'HCP0.50', 'HCP0.72', 'HCP1.03', 'HCP1.50']",<emagpy.Problem.Problem object at 0x7f1525d6a0b0>,/home/z0272571a@CAMPUS.CSIC.ES/Documents/INPREP_OZCAR_ET_DA/data/fwdEM/ERA5_from_weill_nveg2/fwd_ECa34.txt,$EM$,$\mS/m$,"       HCP0.20    HCP0.33    HCP0.50  ...     y  elevation  mesh_node
0    -3.215704  14.165427   3.078957  ...   0.0   0.525000        0.0
1    -6.265131   8.341829  -5.397007  ...   0.5   0.533333        1.0
2    -0.356277  -9.829257  -6.421940  ...   1.0   0.558333        2.0
3    -1.192927   6.032300 -10.854494  ...   1.5   0.583333        3.0
4   -11.946625   7.217062  -0.005666  ...   2.0   0.608333        4.0
..         ...        ...        ...  ...   ...        ...        ...
436   2.910700   6.863145   1.748355  ...   8.0   0.726667      436.0
437  -0.781475 -12.628382  -9.773848  ...   8.5   0.751667      437.0
438   3.725558  -2.476868  16.596774  ...   9.0   0.776667      438.0
439   5.274830  16.347873  -6.295755  ...   9.5   0.801667      439.0
440  16.857867  10.108769  11.806376  ...  10.0   0.810000      440.0

[441 rows x 10 columns]",1e+99,[],2937600.0,2023-02-04 08:00:00,GF6L,5,"[[1.e+99 0.e+00 0.e+00 ... 0.e+00 0.e+00 0.e+00]
 [0.e+00 1.e+99 0.e+00 ... 0.e+00 0.e+00 0.e+00]
 [0.e+00 0.e+00 1.e+99 ... 0.e+00 0.e+00 0.e+00]
 ...
 [0.e+00 0.e+00 0.e+00 ... 1.e+99 0.e+00 0.e+00]
 [0.e+00 0.e+00 0.e+00 ... 0.e+00 1.e+99 0.e+00]
 [0.e+00 0.e+00 0.e+00 ... 0.e+00 0.e+00 1.e+99]]",[],EM
EM,3024000.0,emagpy,"['HCP0.20', 'HCP0.33', 'HCP0.50', 'HCP0.72', 'HCP1.03', 'HCP1.50']",<emagpy.Problem.Problem object at 0x7f1525d6ab90>,/home/z0272571a@CAMPUS.CSIC.ES/Documents/INPREP_OZCAR_ET_DA/data/fwdEM/ERA5_from_weill_nveg2/fwd_ECa35.txt,$EM$,$\mS/m$,"       HCP0.20    HCP0.33    HCP0.50  ...     y  elevation  mesh_node
0    -3.219178  14.179507   3.081211  ...   0.0   0.525000        0.0
1    -6.271812   8.349792  -5.400741  ...   0.5   0.533333        1.0
2    -0.356657  -9.838746  -6.426478  ...   1.0   0.558333        2.0
3    -1.194202   6.038133 -10.862196  ...   1.5   0.583333        3.0
4   -11.959413   7.224060  -0.005670  ...   2.0   0.608333        4.0
..         ...        ...        ...  ...   ...        ...        ...
436   2.914162   6.870304   1.749744  ...   8.0   0.726667      436.0
437  -0.782416 -12.641688  -9.781737  ...   8.5   0.751667      437.0
438   3.729994  -2.479583  16.611080  ...   9.0   0.776667      438.0
439   5.280644  16.364800  -6.300765  ...   9.5   0.801667      439.0
440  16.876523  10.119262  11.815758  ...  10.0   0.810000      440.0

[441 rows x 10 columns]",1e+99,[],3024000.0,2023-02-05 08:00:00,GF6L,5,"[[1.e+99 0.e+00 0.e+00 ... 0.e+00 0.e+00 0.e+00]
 [0.e+00 1.e+99 0.e+00 ... 0.e+00 0.e+00 0.e+00]
 [0.e+00 0.e+00 1.e+99 ... 0.e+00 0.e+00 0.e+00]
 ...
 [0.e+00 0.e+00 0.e+00 ... 1.e+99 0.e+00 0.e+00]
 [0.e+00 0.e+00 0.e+00 ... 0.e+00 1.e+99 0.e+00]
 [0.e+00 0.e+00 0.e+00 ... 0.e+00 0.e+00 1.e+99]]",[],EM
EM,3110400.0,emagpy,"['HCP0.20', 'HCP0.33', 'HCP0.50', 'HCP0.72', 'HCP1.03', 'HCP1.50']",<emagpy.Problem.Problem object at 0x7f1525d6b670>,/home/z0272571a@CAMPUS.CSIC.ES/Documents/INPREP_OZCAR_ET_DA/data/fwdEM/ERA5_from_weill_nveg2/fwd_ECa36.txt,$EM$,$\mS/m$,"       HCP0.20    HCP0.33    HCP0.50  ...     y  elevation  mesh_node
0    -3.222359  14.192663   3.083355  ...   0.0   0.525000        0.0
1    -6.278180   8.357409  -5.404353  ...   0.5   0.533333        1.0
2    -0.357020  -9.847817  -6.430866  ...   1.0   0.558333        2.0
3    -1.195415   6.043709 -10.869643  ...   1.5   0.583333        3.0
4   -11.971581   7.230750  -0.005674  ...   2.0   0.608333        4.0
..         ...        ...        ...  ...   ...        ...        ...
436   2.917470   6.877164   1.751087  ...   8.0   0.726667      436.0
437  -0.783318 -12.654454  -9.789372  ...   8.5   0.751667      437.0
438   3.734189  -2.482169  16.624881  ...   9.0   0.776667      438.0
439   5.285859  16.380468  -6.305513  ...   9.5   0.801667      439.0
440  16.893608  10.129083  11.824712  ...  10.0   0.810000      440.0

[441 rows x 10 columns]",1e+99,[],3110400.0,2023-02-06 08:00:00,GF6L,5,"[[1.e+99 0.e+00 0.e+00 ... 0.e+00 0.e+00 0.e+00]
 [0.e+00 1.e+99 0.e+00 ... 0.e+00 0.e+00 0.e+00]
 [0.e+00 0.e+00 1.e+99 ... 0.e+00 0.e+00 0.e+00]
 ...
 [0.e+00 0.e+00 0.e+00 ... 1.e+99 0.e+00 0.e+00]
 [0.e+00 0.e+00 0.e+00 ... 0.e+00 1.e+99 0.e+00]
 [0.e+00 0.e+00 0.e+00 ... 0.e+00 0.e+00 1.e+99]]",[],EM
EM,3196800.0,emagpy,"['HCP0.20', 'HCP0.33', 'HCP0.50', 'HCP0.72', 'HCP1.03', 'HCP1.50']",<emagpy.Problem.Problem object at 0x7f1525d6be20>,/home/z0272571a@CAMPUS.CSIC.ES/Documents/INPREP_OZCAR_ET_DA/data/fwdEM/ERA5_from_weill_nveg2/fwd_ECa37.txt,$EM$,$\mS/m$,"       HCP0.20    HCP0.33    HCP0.50  ...     y  elevation  mesh_node
0    -3.228201  14.210632   3.085982  ...   0.0   0.525000        0.0
1    -6.289111   8.367524  -5.408711  ...   0.5   0.533333        1.0
2    -0.357645  -9.859865  -6.436150  ...   1.0   0.558333        2.0
3    -1.197508   6.051112 -10.878605  ...   1.5   0.583333        3.0
4   -11.992557   7.239622  -0.005679  ...   2.0   0.608333        4.0
..         ...        ...        ...  ...   ...        ...        ...
436   2.922076   6.885186   1.752556  ...   8.0   0.726667      436.0
437  -0.784548 -12.669210  -9.797646  ...   8.5   0.751667      437.0
438   3.740417  -2.485279  16.640197  ...   9.0   0.776667      438.0
439   5.295475  16.401687  -6.311236  ...   9.5   0.801667      439.0
440  16.924673  10.142323  11.835488  ...  10.0   0.810000      440.0

[441 rows x 10 columns]",1e+99,[],3196800.0,2023-02-07 08:00:00,GF6L,5,"[[1.e+99 0.e+00 0.e+00 ... 0.e+00 0.e+00 0.e+00]
 [0.e+00 1.e+99 0.e+00 ... 0.e+00 0.e+00 0.e+00]
 [0.e+00 0.e+00 1.e+99 ... 0.e+00 0.e+00 0.e+00]
 ...
 [0.e+00 0.e+00 0.e+00 ... 1.e+99 0.e+00 0.e+00]
 [0.e+00 0.e+00 0.e+00 ... 0.e+00 1.e+99 0.e+00]
 [0.e+00 0.e+00 0.e+00 ... 0.e+00 0.e+00 1.e+99]]",[],EM
EM,3283200.0,emagpy,"['HCP0.20', 'HCP0.33', 'HCP0.50', 'HCP0.72', 'HCP1.03', 'HCP1.50']",<emagpy.Problem.Problem object at 0x7f1525d8cc70>,/home/z0272571a@CAMPUS.CSIC.ES/Documents/INPREP_OZCAR_ET_DA/data/fwdEM/ERA5_from_weill_nveg2/fwd_ECa38.txt,$EM$,$\mS/m$,"       HCP0.20    HCP0.33    HCP0.50  ...     y  elevation  mesh_node
0    -3.234506  14.229532   3.088707  ...   0.0   0.525000        0.0
1    -6.300340   8.377816  -5.413125  ...   0.5   0.533333        1.0
2    -0.358289  -9.872143  -6.441505  ...   1.0   0.558333        2.0
3    -1.199664   6.058655 -10.887684  ...   1.5   0.583333        3.0
4   -12.014159   7.248661  -0.005683  ...   2.0   0.608333        4.0
..         ...        ...        ...  ...   ...        ...        ...
436   2.926613   6.893076   1.754001  ...   8.0   0.726667      436.0
437  -0.785751 -12.683655  -9.805758  ...   8.5   0.751667      437.0
438   3.746705  -2.488387  16.655437  ...   9.0   0.776667      438.0
439   5.306119  16.424353  -6.317224  ...   9.5   0.801667      439.0
440  16.958243  10.156244  11.846638  ...  10.0   0.810000      440.0

[441 rows x 10 columns]",1e+99,[],3283200.0,2023-02-08 08:00:00,GF6L,5,"[[1.e+99 0.e+00 0.e+00 ... 0.e+00 0.e+00 0.e+00]
 [0.e+00 1.e+99 0.e+00 ... 0.e+00 0.e+00 0.e+00]
 [0.e+00 0.e+00 1.e+99 ... 0.e+00 0.e+00 0.e+00]
 ...
 [0.e+00 0.e+00 0.e+00 ... 1.e+99 0.e+00 0.e+00]
 [0.e+00 0.e+00 0.e+00 ... 0.e+00 1.e+99 0.e+00]
 [0.e+00 0.e+00 0.e+00 ... 0.e+00 0.e+00 1.e+99]]",[],EM
EM,3369600.0,emagpy,"['HCP0.20', 'HCP0.33', 'HCP0.50', 'HCP0.72', 'HCP1.03', 'HCP1.50']",<emagpy.Problem.Problem object at 0x7f1525d8d750>,/home/z0272571a@CAMPUS.CSIC.ES/Documents/INPREP_OZCAR_ET_DA/data/fwdEM/ERA5_from_weill_nveg2/fwd_ECa39.txt,$EM$,$\mS/m$,"       HCP0.20    HCP0.33    HCP0.50  ...     y  elevation  mesh_node
0    -3.240477  14.247857   3.091379  ...   0.0   0.525000        0.0
1    -6.310774   8.387651  -5.417404  ...   0.5   0.533333        1.0
2    -0.358887  -9.883884  -6.446700  ...   1.0   0.558333        2.0
3    -1.201669   6.065869 -10.896495  ...   1.5   0.583333        3.0
4   -12.034250   7.257307  -0.005688  ...   2.0   0.608333        4.0
..         ...        ...        ...  ...   ...        ...        ...
436   2.930832   6.900604   1.755399  ...   8.0   0.726667      436.0
437  -0.786869 -12.697417  -9.813601  ...   8.5   0.751667      437.0
438   3.752530  -2.491348  16.670187  ...   9.0   0.776667      438.0
439   5.316364  16.446605  -6.323154  ...   9.5   0.801667      439.0
440  16.990140  10.169779  11.857600  ...  10.0   0.810000      440.0

[441 rows x 10 columns]",1e+99,[],3369600.0,2023-02-09 08:00:00,GF6L,5,"[[1.e+99 0.e+00 0.e+00 ... 0.e+00 0.e+00 0.e+00]
 [0.e+00 1.e+99 0.e+00 ... 0.e+00 0.e+00 0.e+00]
 [0.e+00 0.e+00 1.e+99 ... 0.e+00 0.e+00 0.e+00]
 ...
 [0.e+00 0.e+00 0.e+00 ... 1.e+99 0.e+00 0.e+00]
 [0.e+00 0.e+00 0.e+00 ... 0.e+00 1.e+99 0.e+00]
 [0.e+00 0.e+00 0.e+00 ... 0.e+00 0.e+00 1.e+99]]",[],EM
EM,3456000.0,emagpy,"['HCP0.20', 'HCP0.33', 'HCP0.50', 'HCP0.72', 'HCP1.03', 'HCP1.50']",<emagpy.Problem.Problem object at 0x7f1525d8e230>,/home/z0272571a@CAMPUS.CSIC.ES/Documents/INPREP_OZCAR_ET_DA/data/fwdEM/ERA5_from_weill_nveg2/fwd_ECa40.txt,$EM$,$\mS/m$,"       HCP0.20    HCP0.33    HCP0.50  ...     y  elevation  mesh_node
0     5.169536  11.258742  -9.619829  ...   0.0   0.525000        0.0
1     8.928419  10.635486  12.445802  ...   0.5   0.533333        1.0
2     6.603869   6.462352  -6.775934  ...   1.0   0.558333        2.0
3   -19.716393  -2.088649 -10.164152  ...   1.5   0.583333        3.0
4     4.812434  -0.741572   3.971250  ...   2.0   0.608333        4.0
..         ...        ...        ...  ...   ...        ...        ...
436 -10.894515  -5.099638  -4.574338  ...   8.0   0.726667      436.0
437  -0.974152   0.695567  -2.732811  ...   8.5   0.751667      437.0
438  -2.148619  -3.260001   1.978943  ...   9.0   0.776667      438.0
439  -9.793656  14.093378  -1.017331  ...   9.5   0.801667      439.0
440  -7.662213   3.228890  17.101306  ...  10.0   0.810000      440.0

[441 rows x 10 columns]",1e+99,[],3456000.0,2023-02-10 08:00:00,GF6L,5,"[[1.e+99 0.e+00 0.e+00 ... 0.e+00 0.e+00 0.e+00]
 [0.e+00 1.e+99 0.e+00 ... 0.e+00 0.e+00 0.e+00]
 [0.e+00 0.e+00 1.e+99 ... 0.e+00 0.e+00 0.e+00]
 ...
 [0.e+00 0.e+00 0.e+00 ... 1.e+99 0.e+00 0.e+00]
 [0.e+00 0.e+00 0.e+00 ... 0.e+00 1.e+99 0.e+00]
 [0.e+00 0.e+00 0.e+00 ... 0.e+00 0.e+00 1.e+99]]",[],EM
EM,3542400.0,emagpy,"['HCP0.20', 'HCP0.33', 'HCP0.50', 'HCP0.72', 'HCP1.03', 'HCP1.50']",<emagpy.Problem.Problem object at 0x7f1525d8ed10>,/home/z0272571a@CAMPUS.CSIC.ES/Documents/INPREP_OZCAR_ET_DA/data/fwdEM/ERA5_from_weill_nveg2/fwd_ECa41.txt,$EM$,$\mS/m$,"       HCP0.20    HCP0.33    HCP0.50  ...     y  elevation  mesh_node
0    -3.250028  14.279439   3.096163  ...   0.0   0.525000        0.0
1    -6.327649   8.404698  -5.425091  ...   0.5   0.533333        1.0
2    -0.359855  -9.904239  -6.456040  ...   1.0   0.558333        2.0
3    -1.204910   6.078379 -10.912340  ...   1.5   0.583333        3.0
4   -12.066724   7.272303  -0.005696  ...   2.0   0.608333        4.0
..         ...        ...        ...  ...   ...        ...        ...
436   2.937938   6.913997   1.757963  ...   8.0   0.726667      436.0
437  -0.788759 -12.721966  -9.828008  ...   8.5   0.751667      437.0
438   3.762067  -2.496539  16.697026  ...   9.0   0.776667      438.0
439   5.332828  16.485218  -6.333867  ...   9.5   0.801667      439.0
440  17.041396  10.193234  11.877362  ...  10.0   0.810000      440.0

[441 rows x 10 columns]",1e+99,[],3542400.0,2023-02-11 08:00:00,GF6L,5,"[[1.e+99 0.e+00 0.e+00 ... 0.e+00 0.e+00 0.e+00]
 [0.e+00 1.e+99 0.e+00 ... 0.e+00 0.e+00 0.e+00]
 [0.e+00 0.e+00 1.e+99 ... 0.e+00 0.e+00 0.e+00]
 ...
 [0.e+00 0.e+00 0.e+00 ... 1.e+99 0.e+00 0.e+00]
 [0.e+00 0.e+00 0.e+00 ... 0.e+00 1.e+99 0.e+00]
 [0.e+00 0.e+00 0.e+00 ... 0.e+00 0.e+00 1.e+99]]",[],EM
EM,3628800.0,emagpy,"['HCP0.20', 'HCP0.33', 'HCP0.50', 'HCP0.72', 'HCP1.03', 'HCP1.50']",<emagpy.Problem.Problem object at 0x7f1525d8f7f0>,/home/z0272571a@CAMPUS.CSIC.ES/Documents/INPREP_OZCAR_ET_DA/data/fwdEM/ERA5_from_weill_nveg2/fwd_ECa42.txt,$EM$,$\mS/m$,"       HCP0.20    HCP0.33    HCP0.50  ...     y  elevation  mesh_node
0     5.182509  11.281224  -9.633630  ...   0.0   0.525000        0.0
1     8.949159  10.655195  12.462305  ...   0.5   0.533333        1.0
2     6.619313   6.474483  -6.785109  ...   1.0   0.558333        2.0
3   -19.762523  -2.092576 -10.177969  ...   1.5   0.583333        3.0
4     4.823705  -0.742969   3.976674  ...   2.0   0.608333        4.0
..         ...        ...        ...  ...   ...        ...        ...
436 -10.918205  -5.108843  -4.580679  ...   8.0   0.726667      436.0
437  -0.976262   0.696821  -2.736626  ...   8.5   0.751667      437.0
438  -2.153428  -3.266260   1.981953  ...   9.0   0.776667      438.0
439  -9.819358  14.123175  -1.018933  ...   9.5   0.801667      439.0
440  -7.681938   3.235621  17.127846  ...  10.0   0.810000      440.0

[441 rows x 10 columns]",1e+99,[],3628800.0,2023-02-12 08:00:00,GF6L,5,"[[1.e+99 0.e+00 0.e+00 ... 0.e+00 0.e+00 0.e+00]
 [0.e+00 1.e+99 0.e+00 ... 0.e+00 0.e+00 0.e+00]
 [0.e+00 0.e+00 1.e+99 ... 0.e+00 0.e+00 0.e+00]
 ...
 [0.e+00 0.e+00 0.e+00 ... 1.e+99 0.e+00 0.e+00]
 [0.e+00 0.e+00 0.e+00 ... 0.e+00 1.e+99 0.e+00]
 [0.e+00 0.e+00 0.e+00 ... 0.e+00 0.e+00 1.e+99]]",[],EM
EM,3715200.0,emagpy,"['HCP0.20', 'HCP0.33', 'HCP0.50', 'HCP0.72', 'HCP1.03', 'HCP1.50']",<emagpy.Problem.Problem object at 0x7f1525dac310>,/home/z0272571a@CAMPUS.CSIC.ES/Documents/INPREP_OZCAR_ET_DA/data/fwdEM/ERA5_from_weill_nveg2/fwd_ECa43.txt,$EM$,$\mS/m$,"       HCP0.20    HCP0.33    HCP0.50  ...     y  elevation  mesh_node
0     5.188147  11.291388  -9.640018  ...   0.0   0.525000        0.0
1     8.958361  10.664218  12.470009  ...   0.5   0.533333        1.0
2     6.626159   6.480036  -6.789394  ...   1.0   0.558333        2.0
3   -19.782973  -2.094374 -10.184423  ...   1.5   0.583333        3.0
4     4.828702  -0.743609   3.979209  ...   2.0   0.608333        4.0
..         ...        ...        ...  ...   ...        ...        ...
436 -10.928918  -5.113109  -4.583668  ...   8.0   0.726667      436.0
437  -0.977220   0.697404  -2.738427  ...   8.5   0.751667      437.0
438  -2.155578  -3.269145   1.983370  ...   9.0   0.776667      438.0
439  -9.830442  14.136616  -1.019676  ...   9.5   0.801667      439.0
440  -7.690520   3.238671  17.140178  ...  10.0   0.810000      440.0

[441 rows x 10 columns]",1e+99,[],3715200.0,2023-02-13 08:00:00,GF6L,5,"[[1.e+99 0.e+00 0.e+00 ... 0.e+00 0.e+00 0.e+00]
 [0.e+00 1.e+99 0.e+00 ... 0.e+00 0.e+00 0.e+00]
 [0.e+00 0.e+00 1.e+99 ... 0.e+00 0.e+00 0.e+00]
 ...
 [0.e+00 0.e+00 0.e+00 ... 1.e+99 0.e+00 0.e+00]
 [0.e+00 0.e+00 0.e+00 ... 0.e+00 1.e+99 0.e+00]
 [0.e+00 0.e+00 0.e+00 ... 0.e+00 0.e+00 1.e+99]]",[],EM
EM,3801600.0,emagpy,"['HCP0.20', 'HCP0.33', 'HCP0.50', 'HCP0.72', 'HCP1.03', 'HCP1.50']",<emagpy.Problem.Problem object at 0x7f1525dace20>,/home/z0272571a@CAMPUS.CSIC.ES/Documents/INPREP_OZCAR_ET_DA/data/fwdEM/ERA5_from_weill_nveg2/fwd_ECa44.txt,$EM$,$\mS/m$,"       HCP0.20    HCP0.33    HCP0.50  ...     y  elevation  mesh_node
0     5.189997  11.297808  -9.644836  ...   0.0   0.525000        0.0
1     8.961821  10.670174  12.475964  ...   0.5   0.533333        1.0
2     6.628700   6.483700  -6.792713  ...   1.0   0.558333        2.0
3   -19.790571  -2.095562 -10.189432  ...   1.5   0.583333        3.0
4     4.830563  -0.744033   3.981178  ...   2.0   0.608333        4.0
..         ...        ...        ...  ...   ...        ...        ...
436 -10.935059  -5.116409  -4.586234  ...   8.0   0.726667      436.0
437  -0.977789   0.697861  -2.739987  ...   8.5   0.751667      437.0
438  -2.156686  -3.271314   1.984573  ...   9.0   0.776667      438.0
439  -9.834116  14.145214  -1.020248  ...   9.5   0.801667      439.0
440  -7.693447   3.240642  17.149724  ...  10.0   0.810000      440.0

[441 rows x 10 columns]",1e+99,[],3801600.0,2023-02-14 08:00:00,GF6L,5,"[[1.e+99 0.e+00 0.e+00 ... 0.e+00 0.e+00 0.e+00]
 [0.e+00 1.e+99 0.e+00 ... 0.e+00 0.e+00 0.e+00]
 [0.e+00 0.e+00 1.e+99 ... 0.e+00 0.e+00 0.e+00]
 ...
 [0.e+00 0.e+00 0.e+00 ... 1.e+99 0.e+00 0.e+00]
 [0.e+00 0.e+00 0.e+00 ... 0.e+00 1.e+99 0.e+00]
 [0.e+00 0.e+00 0.e+00 ... 0.e+00 0.e+00 1.e+99]]",[],EM
EM,3888000.0,emagpy,"['HCP0.20', 'HCP0.33', 'HCP0.50', 'HCP0.72', 'HCP1.03', 'HCP1.50']",<emagpy.Problem.Problem object at 0x7f1525dad900>,/home/z0272571a@CAMPUS.CSIC.ES/Documents/INPREP_OZCAR_ET_DA/data/fwdEM/ERA5_from_weill_nveg2/fwd_ECa45.txt,$EM$,$\mS/m$,"       HCP0.20    HCP0.33    HCP0.50  ...     y  elevation  mesh_node
0     5.148702  11.265024  -9.633707  ...   0.0   0.525000        0.0
1     8.869959  10.628735  12.455591  ...   0.5   0.533333        1.0
2     6.559193   6.457906  -6.781372  ...   1.0   0.558333        2.0
3   -19.583996  -2.087275 -10.172570  ...   1.5   0.583333        3.0
4     4.780154  -0.741094   3.974612  ...   2.0   0.608333        4.0
..         ...        ...        ...  ...   ...        ...        ...
436 -10.871141  -5.106198  -4.583068  ...   8.0   0.726667      436.0
437  -0.972112   0.696483  -2.738137  ...   8.5   0.751667      437.0
438  -2.143934  -3.264786   1.983274  ...   9.0   0.776667      438.0
439  -9.771760  14.114290  -1.019465  ...   9.5   0.801667      439.0
440  -7.632645   3.231441  17.131204  ...  10.0   0.810000      440.0

[441 rows x 10 columns]",1e+99,[],3888000.0,2023-02-15 08:00:00,GF6L,5,"[[1.e+99 0.e+00 0.e+00 ... 0.e+00 0.e+00 0.e+00]
 [0.e+00 1.e+99 0.e+00 ... 0.e+00 0.e+00 0.e+00]
 [0.e+00 0.e+00 1.e+99 ... 0.e+00 0.e+00 0.e+00]
 ...
 [0.e+00 0.e+00 0.e+00 ... 1.e+99 0.e+00 0.e+00]
 [0.e+00 0.e+00 0.e+00 ... 0.e+00 1.e+99 0.e+00]
 [0.e+00 0.e+00 0.e+00 ... 0.e+00 0.e+00 1.e+99]]",[],EM
EM,3974400.0,emagpy,"['HCP0.20', 'HCP0.33', 'HCP0.50', 'HCP0.72', 'HCP1.03', 'HCP1.50']",<emagpy.Problem.Problem object at 0x7f1525dae3e0>,/home/z0272571a@CAMPUS.CSIC.ES/Documents/INPREP_OZCAR_ET_DA/data/fwdEM/ERA5_from_weill_nveg2/fwd_ECa46.txt,$EM$,$\mS/m$,"       HCP0.20    HCP0.33    HCP0.50  ...     y  elevation  mesh_node
0     5.187547  11.303430  -9.651174  ...   0.0   0.525000        0.0
1     8.946734  10.669439  12.480374  ...   0.5   0.533333        1.0
2     6.615624   6.482523  -6.794850  ...   1.0   0.558333        2.0
3   -19.752623  -2.095240 -10.192821  ...   1.5   0.583333        3.0
4     4.821301  -0.743921   3.982529  ...   2.0   0.608333        4.0
..         ...        ...        ...  ...   ...        ...        ...
436 -10.943344  -5.121838  -4.590760  ...   8.0   0.726667      436.0
437  -0.978576   0.698620  -2.742754  ...   8.5   0.751667      437.0
438  -2.158091  -3.274855   1.986699  ...   9.0   0.776667      438.0
439  -9.836701  14.157809  -1.021199  ...   9.5   0.801667      439.0
440  -7.690133   3.242504  17.162924  ...  10.0   0.810000      440.0

[441 rows x 10 columns]",1e+99,[],3974400.0,2023-02-16 08:00:00,GF6L,5,"[[1.e+99 0.e+00 0.e+00 ... 0.e+00 0.e+00 0.e+00]
 [0.e+00 1.e+99 0.e+00 ... 0.e+00 0.e+00 0.e+00]
 [0.e+00 0.e+00 1.e+99 ... 0.e+00 0.e+00 0.e+00]
 ...
 [0.e+00 0.e+00 0.e+00 ... 1.e+99 0.e+00 0.e+00]
 [0.e+00 0.e+00 0.e+00 ... 0.e+00 1.e+99 0.e+00]
 [0.e+00 0.e+00 0.e+00 ... 0.e+00 0.e+00 1.e+99]]",[],EM
EM,4060800.0,emagpy,"['HCP0.20', 'HCP0.33', 'HCP0.50', 'HCP0.72', 'HCP1.03', 'HCP1.50']",<emagpy.Problem.Problem object at 0x7f1525daeec0>,/home/z0272571a@CAMPUS.CSIC.ES/Documents/INPREP_OZCAR_ET_DA/data/fwdEM/ERA5_from_weill_nveg2/fwd_ECa47.txt,$EM$,$\mS/m$,"       HCP0.20    HCP0.33    HCP0.50  ...     y  elevation  mesh_node
0     5.199699  11.319014  -9.659586  ...   0.0   0.525000        0.0
1     8.972611  10.686309  12.492228  ...   0.5   0.533333        1.0
2     6.635594   6.493144  -6.801533  ...   1.0   0.558333        2.0
3   -19.811789  -2.098656 -10.202826  ...   1.5   0.583333        3.0
4     4.835752  -0.745135   3.986450  ...   2.0   0.608333        4.0
..         ...        ...        ...  ...   ...        ...        ...
436 -10.960528  -5.127178  -4.594137  ...   8.0   0.726667      436.0
437  -0.980101   0.699346  -2.744782  ...   8.5   0.751667      437.0
438  -2.161766  -3.278583   1.988326  ...   9.0   0.776667      438.0
439  -9.857002  14.176126  -1.022090  ...   9.5   0.801667      439.0
440  -7.708284   3.247077  17.178733  ...  10.0   0.810000      440.0

[441 rows x 10 columns]",1e+99,[],4060800.0,2023-02-17 08:00:00,GF6L,5,"[[1.e+99 0.e+00 0.e+00 ... 0.e+00 0.e+00 0.e+00]
 [0.e+00 1.e+99 0.e+00 ... 0.e+00 0.e+00 0.e+00]
 [0.e+00 0.e+00 1.e+99 ... 0.e+00 0.e+00 0.e+00]
 ...
 [0.e+00 0.e+00 0.e+00 ... 1.e+99 0.e+00 0.e+00]
 [0.e+00 0.e+00 0.e+00 ... 0.e+00 1.e+99 0.e+00]
 [0.e+00 0.e+00 0.e+00 ... 0.e+00 0.e+00 1.e+99]]",[],EM
EM,4147200.0,emagpy,"['HCP0.20', 'HCP0.33', 'HCP0.50', 'HCP0.72', 'HCP1.03', 'HCP1.50']",<emagpy.Problem.Problem object at 0x7f1525daf9a0>,/home/z0272571a@CAMPUS.CSIC.ES/Documents/INPREP_OZCAR_ET_DA/data/fwdEM/ERA5_from_weill_nveg2/fwd_ECa48.txt,$EM$,$\mS/m$,"       HCP0.20    HCP0.33    HCP0.50  ...     y  elevation  mesh_node
0     5.206851  11.330105  -9.666197  ...   0.0   0.525000        0.0
1     8.985748  10.696946  12.500664  ...   0.5   0.533333        1.0
2     6.645688   6.499809  -6.806275  ...   1.0   0.558333        2.0
3   -19.841769  -2.100806 -10.209951  ...   1.5   0.583333        3.0
4     4.843076  -0.745900   3.989245  ...   2.0   0.608333        4.0
..         ...        ...        ...  ...   ...        ...        ...
436 -10.971281  -5.131247  -4.596975  ...   8.0   0.726667      436.0
437  -0.981059   0.699902  -2.746492  ...   8.5   0.751667      437.0
438  -2.164049  -3.281419   1.989697  ...   9.0   0.776667      438.0
439  -9.869862  14.190015  -1.022831  ...   9.5   0.801667      439.0
440  -7.719077   3.250379  17.191392  ...  10.0   0.810000      440.0

[441 rows x 10 columns]",1e+99,[],4147200.0,2023-02-18 08:00:00,GF6L,5,"[[1.e+99 0.e+00 0.e+00 ... 0.e+00 0.e+00 0.e+00]
 [0.e+00 1.e+99 0.e+00 ... 0.e+00 0.e+00 0.e+00]
 [0.e+00 0.e+00 1.e+99 ... 0.e+00 0.e+00 0.e+00]
 ...
 [0.e+00 0.e+00 0.e+00 ... 1.e+99 0.e+00 0.e+00]
 [0.e+00 0.e+00 0.e+00 ... 0.e+00 1.e+99 0.e+00]
 [0.e+00 0.e+00 0.e+00 ... 0.e+00 0.e+00 1.e+99]]",[],EM
EM,4233600.0,emagpy,"['HCP0.20', 'HCP0.33', 'HCP0.50', 'HCP0.72', 'HCP1.03', 'HCP1.50']",<emagpy.Problem.Problem object at 0x7f1525dcc4c0>,/home/z0272571a@CAMPUS.CSIC.ES/Documents/INPREP_OZCAR_ET_DA/data/fwdEM/ERA5_from_weill_nveg2/fwd_ECa49.txt,$EM$,$\mS/m$,"       HCP0.20    HCP0.33    HCP0.50  ...     y  elevation  mesh_node
0     5.214096  11.341192  -9.672770  ...   0.0   0.525000        0.0
1     8.998130  10.707121  12.508800  ...   0.5   0.533333        1.0
2     6.655106   6.506148  -6.810830  ...   1.0   0.558333        2.0
3   -19.869816  -2.102855 -10.216803  ...   1.5   0.583333        3.0
4     4.849928  -0.746629   3.991933  ...   2.0   0.608333        4.0
..         ...        ...        ...  ...   ...        ...        ...
436 -10.982339  -5.135325  -4.599794  ...   8.0   0.726667      436.0
437  -0.982041   0.700457  -2.748188  ...   8.5   0.751667      437.0
438  -2.166378  -3.284245   1.991055  ...   9.0   0.776667      438.0
439  -9.883370  14.204179  -1.023576  ...   9.5   0.801667      439.0
440  -7.730036   3.253683  17.203980  ...  10.0   0.810000      440.0

[441 rows x 10 columns]",1e+99,[],4233600.0,2023-02-19 08:00:00,GF6L,5,"[[1.e+99 0.e+00 0.e+00 ... 0.e+00 0.e+00 0.e+00]
 [0.e+00 1.e+99 0.e+00 ... 0.e+00 0.e+00 0.e+00]
 [0.e+00 0.e+00 1.e+99 ... 0.e+00 0.e+00 0.e+00]
 ...
 [0.e+00 0.e+00 0.e+00 ... 1.e+99 0.e+00 0.e+00]
 [0.e+00 0.e+00 0.e+00 ... 0.e+00 1.e+99 0.e+00]
 [0.e+00 0.e+00 0.e+00 ... 0.e+00 0.e+00 1.e+99]]",[],EM
EM,4320000.0,emagpy,"['HCP0.20', 'HCP0.33', 'HCP0.50', 'HCP0.72', 'HCP1.03', 'HCP1.50']",<emagpy.Problem.Problem object at 0x7f1525dccfa0>,/home/z0272571a@CAMPUS.CSIC.ES/Documents/INPREP_OZCAR_ET_DA/data/fwdEM/ERA5_from_weill_nveg2/fwd_ECa50.txt,$EM$,$\mS/m$,"       HCP0.20    HCP0.33    HCP0.50  ...     y  elevation  mesh_node
0     5.220394  11.351389  -9.678986  ...   0.0   0.525000        0.0
1     9.008708  10.716358  12.516415  ...   0.5   0.533333        1.0
2     6.663117   6.511887  -6.815087  ...   1.0   0.558333        2.0
3   -19.893698  -2.104711 -10.223212  ...   1.5   0.583333        3.0
4     4.855762  -0.747289   3.994448  ...   2.0   0.608333        4.0
..         ...        ...        ...  ...   ...        ...        ...
436 -10.992517  -5.139219  -4.602537  ...   8.0   0.726667      436.0
437  -0.982947   0.700988  -2.749840  ...   8.5   0.751667      437.0
438  -2.168481  -3.286919   1.992370  ...   9.0   0.776667      438.0
439  -9.895364  14.217415  -1.024292  ...   9.5   0.801667      439.0
440  -7.739605   3.256736  17.215947  ...  10.0   0.810000      440.0

[441 rows x 10 columns]",1e+99,[],4320000.0,2023-02-20 08:00:00,GF6L,5,"[[1.e+99 0.e+00 0.e+00 ... 0.e+00 0.e+00 0.e+00]
 [0.e+00 1.e+99 0.e+00 ... 0.e+00 0.e+00 0.e+00]
 [0.e+00 0.e+00 1.e+99 ... 0.e+00 0.e+00 0.e+00]
 ...
 [0.e+00 0.e+00 0.e+00 ... 1.e+99 0.e+00 0.e+00]
 [0.e+00 0.e+00 0.e+00 ... 0.e+00 1.e+99 0.e+00]
 [0.e+00 0.e+00 0.e+00 ... 0.e+00 0.e+00 1.e+99]]",[],EM
EM,4406400.0,emagpy,"['HCP0.20', 'HCP0.33', 'HCP0.50', 'HCP0.72', 'HCP1.03', 'HCP1.50']",<emagpy.Problem.Problem object at 0x7f1525dcdab0>,/home/z0272571a@CAMPUS.CSIC.ES/Documents/INPREP_OZCAR_ET_DA/data/fwdEM/ERA5_from_weill_nveg2/fwd_ECa51.txt,$EM$,$\mS/m$,"       HCP0.20    HCP0.33    HCP0.50  ...     y  elevation  mesh_node
0    -3.280755  14.393089   3.114691  ...   0.0   0.525000        0.0
1    -6.382749   8.466795  -5.455139  ...   0.5   0.533333        1.0
2    -0.362984  -9.978045  -6.492470  ...   1.0   0.558333        2.0
3    -1.215412   6.123825 -10.974266  ...   1.5   0.583333        3.0
4   -12.172030   7.326813  -0.005729  ...   2.0   0.608333        4.0
..         ...        ...        ...  ...   ...        ...        ...
436   2.963376   6.965991   1.768533  ...   8.0   0.726667      436.0
437  -0.795621 -12.818105  -9.887771  ...   8.5   0.751667      437.0
438   3.795489  -2.516501  16.807553  ...   9.0   0.776667      438.0
439   5.385859  16.625388  -6.376055  ...   9.5   0.801667      439.0
440  17.206883  10.278320  11.954930  ...  10.0   0.810000      440.0

[441 rows x 10 columns]",1e+99,[],4406400.0,2023-02-21 08:00:00,GF6L,5,"[[1.e+99 0.e+00 0.e+00 ... 0.e+00 0.e+00 0.e+00]
 [0.e+00 1.e+99 0.e+00 ... 0.e+00 0.e+00 0.e+00]
 [0.e+00 0.e+00 1.e+99 ... 0.e+00 0.e+00 0.e+00]
 ...
 [0.e+00 0.e+00 0.e+00 ... 1.e+99 0.e+00 0.e+00]
 [0.e+00 0.e+00 0.e+00 ... 0.e+00 1.e+99 0.e+00]
 [0.e+00 0.e+00 0.e+00 ... 0.e+00 0.e+00 1.e+99]]",[],EM
EM,4492800.0,emagpy,"['HCP0.20', 'HCP0.33', 'HCP0.50', 'HCP0.72', 'HCP1.03', 'HCP1.50']",<emagpy.Problem.Problem object at 0x7f1525dce590>,/home/z0272571a@CAMPUS.CSIC.ES/Documents/INPREP_OZCAR_ET_DA/data/fwdEM/ERA5_from_weill_nveg2/fwd_ECa52.txt,$EM$,$\mS/m$,"       HCP0.20    HCP0.33    HCP0.50  ...     y  elevation  mesh_node
0     5.231730  11.370247  -9.690678  ...   0.0   0.525000        0.0
1     9.027512  10.733303  12.530651  ...   0.5   0.533333        1.0
2     6.677294   6.522390  -6.823034  ...   1.0   0.558333        2.0
3   -19.936001  -2.108110 -10.235181  ...   1.5   0.583333        3.0
4     4.866098  -0.748499   3.999146  ...   2.0   0.608333        4.0
..         ...        ...        ...  ...   ...        ...        ...
436 -11.011660  -5.146626  -4.607808  ...   8.0   0.726667      436.0
437  -0.984654   0.702000  -2.753019  ...   8.5   0.751667      437.0
438  -2.172393  -3.291977   1.994891  ...   9.0   0.776667      438.0
439  -9.917288  14.242170  -1.025649  ...   9.5   0.801667      439.0
440  -7.756858   3.262395  17.238521  ...  10.0   0.810000      440.0

[441 rows x 10 columns]",1e+99,[],4492800.0,2023-02-22 08:00:00,GF6L,5,"[[1.e+99 0.e+00 0.e+00 ... 0.e+00 0.e+00 0.e+00]
 [0.e+00 1.e+99 0.e+00 ... 0.e+00 0.e+00 0.e+00]
 [0.e+00 0.e+00 1.e+99 ... 0.e+00 0.e+00 0.e+00]
 ...
 [0.e+00 0.e+00 0.e+00 ... 1.e+99 0.e+00 0.e+00]
 [0.e+00 0.e+00 0.e+00 ... 0.e+00 1.e+99 0.e+00]
 [0.e+00 0.e+00 0.e+00 ... 0.e+00 0.e+00 1.e+99]]",[],EM
EM,4579200.0,emagpy,"['HCP0.20', 'HCP0.33', 'HCP0.50', 'HCP0.72', 'HCP1.03', 'HCP1.50']",<emagpy.Problem.Problem object at 0x7f1525dcf070>,/home/z0272571a@CAMPUS.CSIC.ES/Documents/INPREP_OZCAR_ET_DA/data/fwdEM/ERA5_from_weill_nveg2/fwd_ECa53.txt,$EM$,$\mS/m$,"       HCP0.20    HCP0.33    HCP0.50  ...     y  elevation  mesh_node
0     5.237025  11.379300  -9.696373  ...   0.0   0.525000        0.0
1     9.036148  10.741346  12.537527  ...   0.5   0.533333        1.0
2     6.683791   6.527370  -6.826869  ...   1.0   0.558333        2.0
3   -19.955398  -2.109723 -10.240960  ...   1.5   0.583333        3.0
4     4.870837  -0.749072   4.001415  ...   2.0   0.608333        4.0
..         ...        ...        ...  ...   ...        ...        ...
436 -11.020741  -5.150217  -4.610399  ...   8.0   0.726667      436.0
437  -0.985465   0.702491  -2.754583  ...   8.5   0.751667      437.0
438  -2.174240  -3.294426   1.996130  ...   9.0   0.776667      438.0
439  -9.927695  14.254187  -1.026316  ...   9.5   0.801667      439.0
440  -7.764934   3.265118  17.249535  ...  10.0   0.810000      440.0

[441 rows x 10 columns]",1e+99,[],4579200.0,2023-02-23 08:00:00,GF6L,5,"[[1.e+99 0.e+00 0.e+00 ... 0.e+00 0.e+00 0.e+00]
 [0.e+00 1.e+99 0.e+00 ... 0.e+00 0.e+00 0.e+00]
 [0.e+00 0.e+00 1.e+99 ... 0.e+00 0.e+00 0.e+00]
 ...
 [0.e+00 0.e+00 0.e+00 ... 1.e+99 0.e+00 0.e+00]
 [0.e+00 0.e+00 0.e+00 ... 0.e+00 1.e+99 0.e+00]
 [0.e+00 0.e+00 0.e+00 ... 0.e+00 0.e+00 1.e+99]]",[],EM
EM,4665600.0,emagpy,"['HCP0.20', 'HCP0.33', 'HCP0.50', 'HCP0.72', 'HCP1.03', 'HCP1.50']",<emagpy.Problem.Problem object at 0x7f1525dcfb50>,/home/z0272571a@CAMPUS.CSIC.ES/Documents/INPREP_OZCAR_ET_DA/data/fwdEM/ERA5_from_weill_nveg2/fwd_ECa54.txt,$EM$,$\mS/m$,"       HCP0.20    HCP0.33    HCP0.50  ...     y  elevation  mesh_node
0     5.242492  11.388416  -9.702060  ...   0.0   0.525000        0.0
1     9.044923  10.749365  12.544347  ...   0.5   0.533333        1.0
2     6.690387   6.532333  -6.830670  ...   1.0   0.558333        2.0
3   -19.975096  -2.111329 -10.246687  ...   1.5   0.583333        3.0
4     4.875651  -0.749644   4.003662  ...   2.0   0.608333        4.0
..         ...        ...        ...  ...   ...        ...        ...
436 -11.029967  -5.153796  -4.612968  ...   8.0   0.726667      436.0
437  -0.986288   0.702980  -2.756133  ...   8.5   0.751667      437.0
438  -2.176124  -3.296869   1.997360  ...   9.0   0.776667      438.0
439  -9.938537  14.266352  -1.026984  ...   9.5   0.801667      439.0
440  -7.773268   3.267857  17.260513  ...  10.0   0.810000      440.0

[441 rows x 10 columns]",1e+99,[],4665600.0,2023-02-24 08:00:00,GF6L,5,"[[1.e+99 0.e+00 0.e+00 ... 0.e+00 0.e+00 0.e+00]
 [0.e+00 1.e+99 0.e+00 ... 0.e+00 0.e+00 0.e+00]
 [0.e+00 0.e+00 1.e+99 ... 0.e+00 0.e+00 0.e+00]
 ...
 [0.e+00 0.e+00 0.e+00 ... 1.e+99 0.e+00 0.e+00]
 [0.e+00 0.e+00 0.e+00 ... 0.e+00 1.e+99 0.e+00]
 [0.e+00 0.e+00 0.e+00 ... 0.e+00 0.e+00 1.e+99]]",[],EM
EM,4752000.0,emagpy,"['HCP0.20', 'HCP0.33', 'HCP0.50', 'HCP0.72', 'HCP1.03', 'HCP1.50']",<emagpy.Problem.Problem object at 0x7f1525de8670>,/home/z0272571a@CAMPUS.CSIC.ES/Documents/INPREP_OZCAR_ET_DA/data/fwdEM/ERA5_from_weill_nveg2/fwd_ECa55.txt,$EM$,$\mS/m$,"       HCP0.20    HCP0.33    HCP0.50  ...     y  elevation  mesh_node
0     5.246646  11.396246  -9.707216  ...   0.0   0.525000        0.0
1     9.051828  10.756383  12.550602  ...   0.5   0.533333        1.0
2     6.695564   6.536671  -6.834156  ...   1.0   0.558333        2.0
3   -19.990560  -2.112735 -10.251942  ...   1.5   0.583333        3.0
4     4.879430  -0.750144   4.005726  ...   2.0   0.608333        4.0
..         ...        ...        ...  ...   ...        ...        ...
436 -11.037731  -5.157074  -4.615414  ...   8.0   0.726667      436.0
437  -0.986986   0.703430  -2.757614  ...   8.5   0.751667      437.0
438  -2.177666  -3.299084   1.998527  ...   9.0   0.776667      438.0
439  -9.946724  14.276811  -1.027593  ...   9.5   0.801667      439.0
440  -7.779640   3.270226  17.270546  ...  10.0   0.810000      440.0

[441 rows x 10 columns]",1e+99,[],4752000.0,2023-02-25 08:00:00,GF6L,5,"[[1.e+99 0.e+00 0.e+00 ... 0.e+00 0.e+00 0.e+00]
 [0.e+00 1.e+99 0.e+00 ... 0.e+00 0.e+00 0.e+00]
 [0.e+00 0.e+00 1.e+99 ... 0.e+00 0.e+00 0.e+00]
 ...
 [0.e+00 0.e+00 0.e+00 ... 1.e+99 0.e+00 0.e+00]
 [0.e+00 0.e+00 0.e+00 ... 0.e+00 1.e+99 0.e+00]
 [0.e+00 0.e+00 0.e+00 ... 0.e+00 0.e+00 1.e+99]]",[],EM
EM,4838400.0,emagpy,"['HCP0.20', 'HCP0.33', 'HCP0.50', 'HCP0.72', 'HCP1.03', 'HCP1.50']",<emagpy.Problem.Problem object at 0x7f1525de9150>,/home/z0272571a@CAMPUS.CSIC.ES/Documents/INPREP_OZCAR_ET_DA/data/fwdEM/ERA5_from_weill_nveg2/fwd_ECa56.txt,$EM$,$\mS/m$,"       HCP0.20    HCP0.33    HCP0.50  ...     y  elevation  mesh_node
0    -3.294552  14.444261   3.123141  ...   0.0   0.525000        0.0
1    -6.408478   8.495349  -5.469024  ...   0.5   0.533333        1.0
2    -0.364470 -10.012311  -6.509396  ...   1.0   0.558333        2.0
3    -1.220389   6.144898 -11.003012  ...   1.5   0.583333        3.0
4   -12.221938   7.352088  -0.005744  ...   2.0   0.608333        4.0
..         ...        ...        ...  ...   ...        ...        ...
436   2.974173   6.988588   1.773271  ...   8.0   0.726667      436.0
437  -0.798531 -12.859904  -9.914591  ...   8.5   0.751667      437.0
438   3.809531  -2.525153  16.857209  ...   9.0   0.776667      438.0
439   5.409359  16.688233  -6.395297  ...   9.5   0.801667      439.0
440  17.281634  10.316795  11.990376  ...  10.0   0.810000      440.0

[441 rows x 10 columns]",1e+99,[],4838400.0,2023-02-26 08:00:00,GF6L,5,"[[1.e+99 0.e+00 0.e+00 ... 0.e+00 0.e+00 0.e+00]
 [0.e+00 1.e+99 0.e+00 ... 0.e+00 0.e+00 0.e+00]
 [0.e+00 0.e+00 1.e+99 ... 0.e+00 0.e+00 0.e+00]
 ...
 [0.e+00 0.e+00 0.e+00 ... 1.e+99 0.e+00 0.e+00]
 [0.e+00 0.e+00 0.e+00 ... 0.e+00 1.e+99 0.e+00]
 [0.e+00 0.e+00 0.e+00 ... 0.e+00 0.e+00 1.e+99]]",[],EM
EM,4924800.0,emagpy,"['HCP0.20', 'HCP0.33', 'HCP0.50', 'HCP0.72', 'HCP1.03', 'HCP1.50']",<emagpy.Problem.Problem object at 0x7f1525de9c30>,/home/z0272571a@CAMPUS.CSIC.ES/Documents/INPREP_OZCAR_ET_DA/data/fwdEM/ERA5_from_weill_nveg2/fwd_ECa57.txt,$EM$,$\mS/m$,"       HCP0.20    HCP0.33    HCP0.50  ...     y  elevation  mesh_node
0    -3.201037  14.275110   3.106245  ...   0.0   0.525000        0.0
1    -6.198202   8.379431  -5.434331  ...   0.5   0.533333        1.0
2    -0.352364  -9.873804  -6.467547  ...   1.0   0.558333        2.0
3    -1.179917   6.060080 -10.932499  ...   1.5   0.583333        3.0
4   -11.816790   7.250701  -0.005707  ...   2.0   0.608333        4.0
..         ...        ...        ...  ...   ...        ...        ...
436   2.902016   6.919727   1.765368  ...   8.0   0.726667      436.0
437  -0.779175 -12.733412  -9.870561  ...   8.5   0.751667      437.0
438   3.717521  -2.500413  16.783003  ...   9.0   0.776667      438.0
439   5.276475  16.521355  -6.366332  ...   9.5   0.801667      439.0
440  16.793423  10.197232  11.926899  ...  10.0   0.810000      440.0

[441 rows x 10 columns]",1e+99,[],4924800.0,2023-02-27 08:00:00,GF6L,5,"[[1.e+99 0.e+00 0.e+00 ... 0.e+00 0.e+00 0.e+00]
 [0.e+00 1.e+99 0.e+00 ... 0.e+00 0.e+00 0.e+00]
 [0.e+00 0.e+00 1.e+99 ... 0.e+00 0.e+00 0.e+00]
 ...
 [0.e+00 0.e+00 0.e+00 ... 1.e+99 0.e+00 0.e+00]
 [0.e+00 0.e+00 0.e+00 ... 0.e+00 1.e+99 0.e+00]
 [0.e+00 0.e+00 0.e+00 ... 0.e+00 0.e+00 1.e+99]]",[],EM
EM,5011200.0,emagpy,"['HCP0.20', 'HCP0.33', 'HCP0.50', 'HCP0.72', 'HCP1.03', 'HCP1.50']",<emagpy.Problem.Problem object at 0x7f1525dea710>,/home/z0272571a@CAMPUS.CSIC.ES/Documents/INPREP_OZCAR_ET_DA/data/fwdEM/ERA5_from_weill_nveg2/fwd_ECa58.txt,$EM$,$\mS/m$,"       HCP0.20    HCP0.33    HCP0.50  ...     y  elevation  mesh_node
0    -2.988346  13.822573   3.057096  ...   0.0   0.525000        0.0
1    -5.756558   8.090372  -5.340207  ...   0.5   0.533333        1.0
2    -0.327067  -9.529149  -6.354028  ...   1.0   0.558333        2.0
3    -1.095364   5.849113 -10.741285  ...   1.5   0.583333        3.0
4   -10.970477   6.998548  -0.005608  ...   2.0   0.608333        4.0
..         ...        ...        ...  ...   ...        ...        ...
436   2.730554   6.731648   1.741973  ...   8.0   0.726667      436.0
437  -0.733146 -12.387652  -9.740016  ...   8.5   0.751667      437.0
438   3.494399  -2.431028  16.555648  ...   9.0   0.776667      438.0
439   4.954787  16.052142  -6.277553  ...   9.5   0.801667      439.0
440  15.679030   9.875433  11.740189  ...  10.0   0.810000      440.0

[441 rows x 10 columns]",1e+99,[],5011200.0,2023-02-28 08:00:00,GF6L,5,"[[1.e+99 0.e+00 0.e+00 ... 0.e+00 0.e+00 0.e+00]
 [0.e+00 1.e+99 0.e+00 ... 0.e+00 0.e+00 0.e+00]
 [0.e+00 0.e+00 1.e+99 ... 0.e+00 0.e+00 0.e+00]
 ...
 [0.e+00 0.e+00 0.e+00 ... 1.e+99 0.e+00 0.e+00]
 [0.e+00 0.e+00 0.e+00 ... 0.e+00 1.e+99 0.e+00]
 [0.e+00 0.e+00 0.e+00 ... 0.e+00 0.e+00 1.e+99]]",[],EM
EM,5097600.0,emagpy,"['HCP0.20', 'HCP0.33', 'HCP0.50', 'HCP0.72', 'HCP1.03', 'HCP1.50']",<emagpy.Problem.Problem object at 0x7f1525deb1f0>,/home/z0272571a@CAMPUS.CSIC.ES/Documents/INPREP_OZCAR_ET_DA/data/fwdEM/ERA5_from_weill_nveg2/fwd_ECa59.txt,$EM$,$\mS/m$,"       HCP0.20    HCP0.33    HCP0.50  ...     y  elevation  mesh_node
0    -3.030033  13.864431   3.059484  ...   0.0   0.525000        0.0
1    -5.867764   8.132373  -5.349456  ...   0.5   0.533333        1.0
2    -0.333575  -9.580117  -6.365193  ...   1.0   0.558333        2.0
3    -1.117029   5.880009 -10.759783  ...   1.5   0.583333        3.0
4   -11.187363   7.035511  -0.005617  ...   2.0   0.608333        4.0
..         ...        ...        ...  ...   ...        ...        ...
436   2.756148   6.742927   1.742650  ...   8.0   0.726667      436.0
437  -0.740081 -12.409125  -9.744185  ...   8.5   0.751667      437.0
438   3.527056  -2.434758  16.560711  ...   9.0   0.776667      438.0
439   5.001730  16.073021  -6.277974  ...   9.5   0.801667      439.0
440  15.896185   9.904915  11.749421  ...  10.0   0.810000      440.0

[441 rows x 10 columns]",1e+99,[],5097600.0,2023-03-01 08:00:00,GF6L,5,"[[1.e+99 0.e+00 0.e+00 ... 0.e+00 0.e+00 0.e+00]
 [0.e+00 1.e+99 0.e+00 ... 0.e+00 0.e+00 0.e+00]
 [0.e+00 0.e+00 1.e+99 ... 0.e+00 0.e+00 0.e+00]
 ...
 [0.e+00 0.e+00 0.e+00 ... 1.e+99 0.e+00 0.e+00]
 [0.e+00 0.e+00 0.e+00 ... 0.e+00 1.e+99 0.e+00]
 [0.e+00 0.e+00 0.e+00 ... 0.e+00 0.e+00 1.e+99]]",[],EM
